feature_id,stratum
feat_sae_20260828_080834_39cc_01908,reference
feat_sae_20260828_080834_39cc_22103,curated_E_hetero
feat_sae_20260828_080834_39cc_20139,curated_D_hetero
feat_sae_20260828_080834_39cc_20989,curated_E_homog
feat_sae_20260828_080834_39cc_14105,curated_E_hetero
feat_sae_20260828_080834_39cc_08241,curated_E_hetero
feat_sae_20260828_080834_39cc_25674,curated_E_hetero
feat_sae_20260828_080834_39cc_17246,curated_D_hetero
feat_sae_20260828_080834_39cc_21439,curated_E_hetero
feat_sae_20260828_080834_39cc_15722,curated_E_hetero
feat_sae_20260828_080834_39cc_15102,curated_E_hetero
feat_sae_20260828_080834_39cc_29786,curated_D_hetero
feat_sae_20260828_080834_39cc_14822,curated_D_hetero
feat_sae_20260828_080834_39cc_15803,curated_E_mid
feat_sae_20260828_080834_39cc_03088,curated_E_hetero
feat_sae_20260828_080834_39cc_14453,curated_E_hetero
feat_sae_20260828_080834_39cc_03099,curated_E_hetero
feat_sae_20260828_080834_39cc_00399,curated_E_hetero
feat_sae_20260828_080834_39cc_22567,curated_E_hetero
feat_sae_20260828_080834_39cc_11143,curated_D_homog
feat_sae_20260828_080834_39cc_14932,curated_E_hetero
feat_sae_20260828_080834_39cc_16985,curated_D_hetero
feat_sae_20260828_080834_39cc_04639,curated_E_homog
feat_sae_20260828_080834_39cc_24445,reference
feat_sae_20260828_080834_39cc_26296,curated_E_hetero
feat_sae_20260828_080834_39cc_24301,curated_E_mid
feat_sae_20260828_080834_39cc_13189,curated_E_hetero
feat_sae_20260828_080834_39cc_10579,curated_E_hetero
feat_sae_20260828_080834_39cc_20337,curated_E_hetero
feat_sae_20260828_080834_39cc_18334,curated_E_hetero
feat_sae_20260828_080834_39cc_25200,curated_E_hetero
feat_sae_20260828_080834_39cc_14882,curated_E_hetero
feat_sae_20260828_080834_39cc_16377,curated_D_hetero
feat_sae_20260828_080834_39cc_14909,curated_E_hetero
feat_sae_20260828_080834_39cc_14289,curated_E_hetero
feat_sae_20260828_080834_39cc_27110,curated_E_mid
feat_sae_20260828_080834_39cc_01273,curated_E_hetero
feat_sae_20260828_080834_39cc_19866,curated_E_hetero
feat_sae_20260828_080834_39cc_26250,curated_E_hetero
feat_sae_20260828_080834_39cc_28264,curated_E_homog
feat_sae_20260828_080834_39cc_04947,reference
feat_sae_20260828_080834_39cc_30523,curated_E_hetero
feat_sae_20260828_080834_39cc_23797,curated_E_mid
feat_sae_20260828_080834_39cc_08868,curated_E_hetero
feat_sae_20260828_080834_39cc_03462,curated_E_mid
feat_sae_20260828_080834_39cc_22238,curated_D_mid
feat_sae_20260828_080834_39cc_24546,curated_E_hetero
feat_sae_20260828_080834_39cc_20304,curated_E_hetero
feat_sae_20260828_080834_39cc_02176,curated_E_hetero
feat_sae_20260828_080834_39cc_28685,curated_E_hetero
feat_sae_20260828_080834_39cc_29334,curated_E_hetero
feat_sae_20260828_080834_39cc_13533,curated_E_hetero
feat_sae_20260828_080834_39cc_28103,curated_E_hetero
feat_sae_20260828_080834_39cc_15416,curated_E_hetero
feat_sae_20260828_080834_39cc_21343,curated_E_hetero
feat_sae_20260828_080834_39cc_03704,curated_E_hetero
feat_sae_20260828_080834_39cc_14262,curated_E_homog
feat_sae_20260828_080834_39cc_23770,curated_E_hetero
feat_sae_20260828_080834_39cc_04942,curated_E_mid
feat_sae_20260828_080834_39cc_06595,curated_E_homog
feat_sae_20260828_080834_39cc_22076,curated_E_hetero
feat_sae_20260828_080834_39cc_05158,curated_E_hetero
feat_sae_20260828_080834_39cc_00945,curated_E_hetero
feat_sae_20260828_080834_39cc_28355,curated_E_hetero
feat_sae_20260828_080834_39cc_22264,reference
feat_sae_20260828_080834_39cc_14775,curated_D_hetero
feat_sae_20260828_080834_39cc_00505,curated_E_homog
feat_sae_20260828_080834_39cc_04706,curated_E_hetero
feat_sae_20260828_080834_39cc_10398,curated_E_hetero
feat_sae_20260828_080834_39cc_13498,curated_E_hetero
feat_sae_20260828_080834_39cc_08747,curated_E_hetero
feat_sae_20260828_080834_39cc_16647,curated_E_hetero
feat_sae_20260828_080834_39cc_02876,curated_E_mid
feat_sae_20260828_080834_39cc_08564,curated_E_hetero
feat_sae_20260828_080834_39cc_05140,curated_E_hetero
feat_sae_20260828_080834_39cc_11551,curated_E_hetero
feat_sae_20260828_080834_39cc_01547,curated_E_mid
feat_sae_20260828_080834_39cc_05840,curated_D_hetero
feat_sae_20260828_080834_39cc_20246,curated_E_hetero
feat_sae_20260828_080834_39cc_02396,curated_E_hetero
feat_sae_20260828_080834_39cc_23535,curated_D_hetero
feat_sae_20260828_080834_39cc_19898,curated_D_hetero
feat_sae_20260828_080834_39cc_15255,curated_E_homog
feat_sae_20260828_080834_39cc_04908,curated_E_hetero
feat_sae_20260828_080834_39cc_20737,curated_E_hetero
feat_sae_20260828_080834_39cc_03670,curated_E_hetero
feat_sae_20260828_080834_39cc_28225,curated_D_hetero
feat_sae_20260828_080834_39cc_06785,curated_E_hetero
feat_sae_20260828_080834_39cc_21101,curated_E_hetero
feat_sae_20260828_080834_39cc_06077,curated_E_hetero
feat_sae_20260828_080834_39cc_27004,curated_E_hetero
feat_sae_20260828_080834_39cc_30632,curated_E_hetero
feat_sae_20260828_080834_39cc_23109,curated_E_hetero
feat_sae_20260828_080834_39cc_17393,curated_E_mid
feat_sae_20260828_080834_39cc_12330,curated_E_hetero
feat_sae_20260828_080834_39cc_11148,curated_E_hetero
feat_sae_20260828_080834_39cc_08750,curated_E_hetero
feat_sae_20260828_080834_39cc_13585,curated_E_hetero
feat_sae_20260828_080834_39cc_25808,curated_E_hetero
feat_sae_20260828_080834_39cc_30226,curated_E_hetero
feat_sae_20260828_080834_39cc_21155,curated_E_hetero
feat_sae_20260828_080834_39cc_20208,curated_E_hetero
feat_sae_20260828_080834_39cc_24626,curated_E_hetero
feat_sae_20260828_080834_39cc_25201,curated_E_hetero
feat_sae_20260828_080834_39cc_12192,curated_E_mid
feat_sae_20260828_080834_39cc_30096,curated_E_hetero
feat_sae_20260828_080834_39cc_29101,curated_E_hetero
feat_sae_20260828_080834_39cc_21503,curated_E_hetero
feat_sae_20260828_080834_39cc_02413,curated_E_hetero
feat_sae_20260828_080834_39cc_05603,curated_D_hetero
feat_sae_20260828_080834_39cc_13026,curated_E_hetero
feat_sae_20260828_080834_39cc_05337,curated_E_hetero
feat_sae_20260828_080834_39cc_06202,curated_E_hetero
feat_sae_20260828_080834_39cc_12416,curated_E_hetero
feat_sae_20260828_080834_39cc_02899,curated_E_hetero
feat_sae_20260828_080834_39cc_11282,curated_E_hetero
feat_sae_20260828_080834_39cc_25800,curated_E_hetero
feat_sae_20260828_080834_39cc_20594,curated_E_hetero
feat_sae_20260828_080834_39cc_23912,curated_E_hetero
feat_sae_20260828_080834_39cc_16989,curated_E_hetero
feat_sae_20260828_080834_39cc_00979,curated_D_hetero
feat_sae_20260828_080834_39cc_05114,curated_E_mid
feat_sae_20260828_080834_39cc_09910,curated_E_hetero
feat_sae_20260828_080834_39cc_11319,curated_E_mid
feat_sae_20260828_080834_39cc_03886,curated_E_hetero
feat_sae_20260828_080834_39cc_17927,curated_E_hetero
feat_sae_20260828_080834_39cc_27951,curated_E_hetero
feat_sae_20260828_080834_39cc_14165,curated_D_hetero
feat_sae_20260828_080834_39cc_23219,curated_E_hetero
feat_sae_20260828_080834_39cc_13924,curated_E_hetero
feat_sae_20260828_080834_39cc_06389,curated_D_hetero
feat_sae_20260828_080834_39cc_13932,curated_E_hetero
feat_sae_20260828_080834_39cc_18578,curated_E_hetero
feat_sae_20260828_080834_39cc_16164,curated_E_homog
feat_sae_20260828_080834_39cc_14911,curated_E_hetero
feat_sae_20260828_080834_39cc_17331,curated_E_hetero
feat_sae_20260828_080834_39cc_16614,curated_D_hetero
feat_sae_20260828_080834_39cc_28706,reference
feat_sae_20260828_080834_39cc_08152,curated_E_hetero
feat_sae_20260828_080834_39cc_15533,curated_E_hetero
feat_sae_20260828_080834_39cc_22206,curated_E_hetero
feat_sae_20260828_080834_39cc_00470,curated_E_hetero
feat_sae_20260828_080834_39cc_10307,curated_E_hetero
feat_sae_20260828_080834_39cc_23755,curated_E_hetero
feat_sae_20260828_080834_39cc_30412,curated_E_hetero
feat_sae_20260828_080834_39cc_29459,curated_E_mid
feat_sae_20260828_080834_39cc_22255,curated_E_hetero
feat_sae_20260828_080834_39cc_20025,curated_E_hetero
feat_sae_20260828_080834_39cc_09174,curated_E_mid
feat_sae_20260828_080834_39cc_22372,curated_E_hetero
feat_sae_20260828_080834_39cc_12437,curated_D_hetero
feat_sae_20260828_080834_39cc_21737,curated_E_hetero
feat_sae_20260828_080834_39cc_05323,curated_E_hetero
feat_sae_20260828_080834_39cc_22633,curated_E_hetero
feat_sae_20260828_080834_39cc_29163,curated_E_hetero
feat_sae_20260828_080834_39cc_06991,reference
feat_sae_20260828_080834_39cc_23007,curated_D_hetero
feat_sae_20260828_080834_39cc_28469,curated_E_homog
feat_sae_20260828_080834_39cc_00023,curated_E_hetero
feat_sae_20260828_080834_39cc_27975,curated_E_mid
feat_sae_20260828_080834_39cc_12140,curated_D_hetero
feat_sae_20260828_080834_39cc_03766,curated_E_hetero
feat_sae_20260828_080834_39cc_23294,curated_E_hetero
feat_sae_20260828_080834_39cc_29095,curated_E_hetero
feat_sae_20260828_080834_39cc_22948,curated_E_mid
feat_sae_20260828_080834_39cc_21520,curated_E_hetero
feat_sae_20260828_080834_39cc_00052,curated_E_hetero
feat_sae_20260828_080834_39cc_08129,curated_E_hetero
feat_sae_20260828_080834_39cc_21282,curated_E_hetero
feat_sae_20260828_080834_39cc_13754,curated_E_mid
feat_sae_20260828_080834_39cc_29554,curated_E_hetero
feat_sae_20260828_080834_39cc_14750,curated_E_homog
feat_sae_20260828_080834_39cc_14630,curated_E_hetero
feat_sae_20260828_080834_39cc_09277,curated_E_hetero
feat_sae_20260828_080834_39cc_00782,curated_D_hetero
feat_sae_20260828_080834_39cc_25288,curated_E_hetero
feat_sae_20260828_080834_39cc_14758,curated_E_hetero
feat_sae_20260828_080834_39cc_04272,curated_E_hetero
feat_sae_20260828_080834_39cc_10104,curated_E_hetero
feat_sae_20260828_080834_39cc_13477,curated_E_hetero
feat_sae_20260828_080834_39cc_08909,curated_E_hetero
feat_sae_20260828_080834_39cc_19881,curated_E_hetero
feat_sae_20260828_080834_39cc_13167,curated_E_hetero
feat_sae_20260828_080834_39cc_06378,curated_E_mid
feat_sae_20260828_080834_39cc_19056,curated_D_hetero
feat_sae_20260828_080834_39cc_26794,curated_E_hetero
feat_sae_20260828_080834_39cc_05488,curated_E_mid
feat_sae_20260828_080834_39cc_00889,curated_E_hetero
feat_sae_20260828_080834_39cc_28153,curated_E_hetero
feat_sae_20260828_080834_39cc_20782,curated_E_hetero
feat_sae_20260828_080834_39cc_03395,curated_E_hetero
feat_sae_20260828_080834_39cc_07704,curated_E_hetero
feat_sae_20260828_080834_39cc_30439,curated_D_hetero
feat_sae_20260828_080834_39cc_01285,curated_E_hetero
feat_sae_20260828_080834_39cc_20773,curated_E_hetero
feat_sae_20260828_080834_39cc_24304,curated_E_homog
feat_sae_20260828_080834_39cc_13865,curated_E_mid
feat_sae_20260828_080834_39cc_06250,curated_E_hetero
feat_sae_20260828_080834_39cc_12179,curated_E_hetero
feat_sae_20260828_080834_39cc_27490,curated_E_homog
feat_sae_20260828_080834_39cc_02160,curated_E_mid
feat_sae_20260828_080834_39cc_22277,curated_E_homog
feat_sae_20260828_080834_39cc_03209,curated_E_hetero
feat_sae_20260828_080834_39cc_14864,curated_E_hetero
feat_sae_20260828_080834_39cc_08069,curated_E_homog
feat_sae_20260828_080834_39cc_00931,census_C
feat_sae_20260828_080834_39cc_19794,curated_E_hetero
feat_sae_20260828_080834_39cc_07280,curated_E_hetero
feat_sae_20260828_080834_39cc_16981,curated_E_hetero
feat_sae_20260828_080834_39cc_24141,curated_D_hetero
feat_sae_20260828_080834_39cc_22908,curated_E_hetero
feat_sae_20260828_080834_39cc_25005,curated_E_hetero
feat_sae_20260828_080834_39cc_20720,curated_E_hetero
feat_sae_20260828_080834_39cc_20574,curated_E_hetero
feat_sae_20260828_080834_39cc_06700,curated_E_mid
feat_sae_20260828_080834_39cc_09454,curated_E_mid
feat_sae_20260828_080834_39cc_25188,curated_E_hetero
feat_sae_20260828_080834_39cc_13254,curated_E_hetero
feat_sae_20260828_080834_39cc_11269,curated_E_homog
feat_sae_20260828_080834_39cc_22622,curated_E_hetero
feat_sae_20260828_080834_39cc_07601,curated_E_hetero
feat_sae_20260828_080834_39cc_16782,curated_E_hetero
feat_sae_20260828_080834_39cc_06239,curated_D_hetero
feat_sae_20260828_080834_39cc_20573,curated_E_hetero
feat_sae_20260828_080834_39cc_03402,curated_E_hetero
feat_sae_20260828_080834_39cc_03262,curated_E_hetero
feat_sae_20260828_080834_39cc_26591,curated_E_hetero
feat_sae_20260828_080834_39cc_10649,curated_E_hetero
feat_sae_20260828_080834_39cc_09332,reference
feat_sae_20260828_080834_39cc_03520,curated_E_hetero
feat_sae_20260828_080834_39cc_15420,curated_E_homog
feat_sae_20260828_080834_39cc_16102,curated_E_hetero
feat_sae_20260828_080834_39cc_12933,curated_E_homog
feat_sae_20260828_080834_39cc_02753,curated_E_hetero
feat_sae_20260828_080834_39cc_27924,curated_E_hetero
feat_sae_20260828_080834_39cc_09552,curated_E_homog
feat_sae_20260828_080834_39cc_18257,curated_E_homog
feat_sae_20260828_080834_39cc_12122,curated_E_hetero
feat_sae_20260828_080834_39cc_06578,curated_E_hetero
feat_sae_20260828_080834_39cc_15469,curated_E_hetero
feat_sae_20260828_080834_39cc_06300,curated_E_homog
feat_sae_20260828_080834_39cc_24189,curated_E_hetero
feat_sae_20260828_080834_39cc_12361,curated_E_hetero
feat_sae_20260828_080834_39cc_14219,curated_E_hetero
feat_sae_20260828_080834_39cc_02977,curated_E_hetero
feat_sae_20260828_080834_39cc_10628,curated_E_hetero
feat_sae_20260828_080834_39cc_02603,curated_E_mid
feat_sae_20260828_080834_39cc_28613,curated_E_hetero
feat_sae_20260828_080834_39cc_26680,curated_E_hetero
feat_sae_20260828_080834_39cc_06468,curated_E_hetero
feat_sae_20260828_080834_39cc_11975,curated_E_hetero
feat_sae_20260828_080834_39cc_19135,curated_E_hetero
feat_sae_20260828_080834_39cc_22694,curated_E_hetero
feat_sae_20260828_080834_39cc_06995,curated_E_hetero
feat_sae_20260828_080834_39cc_06210,curated_E_hetero
feat_sae_20260828_080834_39cc_24142,curated_E_hetero
feat_sae_20260828_080834_39cc_28087,curated_E_mid
feat_sae_20260828_080834_39cc_25379,curated_E_hetero
feat_sae_20260828_080834_39cc_10277,curated_E_hetero
feat_sae_20260828_080834_39cc_06738,curated_E_hetero
feat_sae_20260828_080834_39cc_21975,curated_E_homog
feat_sae_20260828_080834_39cc_21319,curated_E_hetero
feat_sae_20260828_080834_39cc_15343,curated_E_homog
feat_sae_20260828_080834_39cc_18533,curated_E_hetero
feat_sae_20260828_080834_39cc_22284,curated_E_hetero
feat_sae_20260828_080834_39cc_03183,curated_D_hetero
feat_sae_20260828_080834_39cc_03660,curated_D_hetero
feat_sae_20260828_080834_39cc_25973,curated_E_hetero
feat_sae_20260828_080834_39cc_27506,curated_E_homog
feat_sae_20260828_080834_39cc_29847,curated_E_hetero
feat_sae_20260828_080834_39cc_15743,curated_E_homog
feat_sae_20260828_080834_39cc_19721,curated_D_hetero
feat_sae_20260828_080834_39cc_25331,curated_E_hetero
feat_sae_20260828_080834_39cc_07454,curated_E_homog
feat_sae_20260828_080834_39cc_18846,curated_E_hetero
feat_sae_20260828_080834_39cc_23638,curated_D_hetero
feat_sae_20260828_080834_39cc_01232,curated_E_hetero
feat_sae_20260828_080834_39cc_11185,curated_E_homog
feat_sae_20260828_080834_39cc_03671,curated_E_hetero
feat_sae_20260828_080834_39cc_12385,curated_D_mid
feat_sae_20260828_080834_39cc_13519,curated_E_hetero
feat_sae_20260828_080834_39cc_26749,curated_E_hetero
feat_sae_20260828_080834_39cc_25364,curated_E_hetero
feat_sae_20260828_080834_39cc_03103,curated_E_hetero
feat_sae_20260828_080834_39cc_25552,curated_E_hetero
feat_sae_20260828_080834_39cc_15293,curated_E_homog
feat_sae_20260828_080834_39cc_02701,curated_E_hetero
feat_sae_20260828_080834_39cc_29794,curated_E_hetero
feat_sae_20260828_080834_39cc_11378,curated_E_hetero
feat_sae_20260828_080834_39cc_04971,curated_E_mid
feat_sae_20260828_080834_39cc_23460,curated_E_hetero
feat_sae_20260828_080834_39cc_00390,curated_E_hetero
feat_sae_20260828_080834_39cc_25448,curated_E_hetero
feat_sae_20260828_080834_39cc_17206,curated_E_hetero
feat_sae_20260828_080834_39cc_19517,curated_E_homog
feat_sae_20260828_080834_39cc_16802,curated_E_hetero
feat_sae_20260828_080834_39cc_09144,curated_E_mid
feat_sae_20260828_080834_39cc_25620,curated_E_homog
feat_sae_20260828_080834_39cc_00829,curated_E_hetero
feat_sae_20260828_080834_39cc_21428,curated_E_mid
feat_sae_20260828_080834_39cc_23640,curated_E_hetero
feat_sae_20260828_080834_39cc_10866,curated_E_hetero
feat_sae_20260828_080834_39cc_19626,curated_E_hetero
feat_sae_20260828_080834_39cc_22290,curated_E_hetero
feat_sae_20260828_080834_39cc_08025,curated_E_hetero
feat_sae_20260828_080834_39cc_16796,curated_E_hetero
feat_sae_20260828_080834_39cc_24831,curated_E_hetero
feat_sae_20260828_080834_39cc_08818,curated_D_mid
feat_sae_20260828_080834_39cc_20118,curated_E_hetero
feat_sae_20260828_080834_39cc_02472,curated_E_hetero
feat_sae_20260828_080834_39cc_23795,curated_E_mid
feat_sae_20260828_080834_39cc_09800,curated_E_hetero
feat_sae_20260828_080834_39cc_20191,curated_D_mid
feat_sae_20260828_080834_39cc_00610,curated_E_hetero
feat_sae_20260828_080834_39cc_09518,curated_E_hetero
feat_sae_20260828_080834_39cc_11147,curated_E_mid
feat_sae_20260828_080834_39cc_23080,curated_E_mid
feat_sae_20260828_080834_39cc_15093,curated_D_hetero
feat_sae_20260828_080834_39cc_10924,curated_D_hetero
feat_sae_20260828_080834_39cc_21021,curated_D_hetero
feat_sae_20260828_080834_39cc_02475,curated_E_hetero
feat_sae_20260828_080834_39cc_21179,reference
feat_sae_20260828_080834_39cc_10620,curated_E_hetero
feat_sae_20260828_080834_39cc_25990,curated_E_hetero
feat_sae_20260828_080834_39cc_19975,curated_E_hetero
feat_sae_20260828_080834_39cc_04314,curated_E_homog
feat_sae_20260828_080834_39cc_30656,curated_E_hetero
feat_sae_20260828_080834_39cc_00533,curated_E_hetero
feat_sae_20260828_080834_39cc_18380,curated_E_mid
feat_sae_20260828_080834_39cc_10009,curated_E_hetero
feat_sae_20260828_080834_39cc_02213,curated_E_hetero
feat_sae_20260828_080834_39cc_22881,curated_D_hetero
feat_sae_20260828_080834_39cc_16700,curated_E_homog
feat_sae_20260828_080834_39cc_11775,curated_E_hetero
feat_sae_20260828_080834_39cc_03339,curated_D_hetero
feat_sae_20260828_080834_39cc_01194,curated_E_hetero
feat_sae_20260828_080834_39cc_21165,curated_E_mid
feat_sae_20260828_080834_39cc_25165,curated_E_hetero
feat_sae_20260828_080834_39cc_00236,curated_D_hetero
feat_sae_20260828_080834_39cc_11574,curated_E_hetero
feat_sae_20260828_080834_39cc_13014,curated_E_hetero
feat_sae_20260828_080834_39cc_25426,curated_E_homog
feat_sae_20260828_080834_39cc_26621,curated_E_hetero
feat_sae_20260828_080834_39cc_11705,curated_E_hetero
feat_sae_20260828_080834_39cc_13339,curated_D_hetero
feat_sae_20260828_080834_39cc_17851,curated_E_hetero
feat_sae_20260828_080834_39cc_00613,curated_E_hetero
feat_sae_20260828_080834_39cc_17451,curated_E_mid
feat_sae_20260828_080834_39cc_23780,curated_E_hetero
feat_sae_20260828_080834_39cc_09643,curated_D_hetero
feat_sae_20260828_080834_39cc_15716,curated_E_hetero
feat_sae_20260828_080834_39cc_26952,curated_E_hetero
feat_sae_20260828_080834_39cc_14715,curated_E_mid
feat_sae_20260828_080834_39cc_03165,curated_E_hetero
feat_sae_20260828_080834_39cc_17463,curated_D_hetero
feat_sae_20260828_080834_39cc_09204,curated_E_hetero
feat_sae_20260828_080834_39cc_01238,curated_E_hetero
feat_sae_20260828_080834_39cc_16086,curated_E_homog
feat_sae_20260828_080834_39cc_04315,curated_D_hetero
feat_sae_20260828_080834_39cc_26578,curated_E_hetero
feat_sae_20260828_080834_39cc_30263,curated_E_mid
feat_sae_20260828_080834_39cc_27910,curated_E_mid
feat_sae_20260828_080834_39cc_09289,curated_E_hetero
feat_sae_20260828_080834_39cc_11459,curated_E_hetero
feat_sae_20260828_080834_39cc_15222,curated_E_homog
feat_sae_20260828_080834_39cc_08908,curated_D_hetero
feat_sae_20260828_080834_39cc_19356,curated_D_hetero
feat_sae_20260828_080834_39cc_28944,curated_E_hetero
feat_sae_20260828_080834_39cc_02615,curated_E_hetero
feat_sae_20260828_080834_39cc_13080,curated_E_hetero
feat_sae_20260828_080834_39cc_11326,curated_E_hetero
feat_sae_20260828_080834_39cc_14898,curated_E_mid
feat_sae_20260828_080834_39cc_29078,curated_E_hetero
feat_sae_20260828_080834_39cc_29747,reference
feat_sae_20260828_080834_39cc_15101,curated_E_hetero
feat_sae_20260828_080834_39cc_05252,curated_E_hetero
feat_sae_20260828_080834_39cc_21593,curated_E_hetero
feat_sae_20260828_080834_39cc_14888,curated_D_hetero
feat_sae_20260828_080834_39cc_21204,curated_E_hetero
feat_sae_20260828_080834_39cc_01123,curated_E_homog
feat_sae_20260828_080834_39cc_19821,curated_D_hetero
feat_sae_20260828_080834_39cc_16704,curated_E_hetero
feat_sae_20260828_080834_39cc_16502,curated_E_homog
feat_sae_20260828_080834_39cc_19896,curated_E_homog
feat_sae_20260828_080834_39cc_14346,curated_E_hetero
feat_sae_20260828_080834_39cc_08552,curated_E_hetero
feat_sae_20260828_080834_39cc_04540,curated_E_hetero
feat_sae_20260828_080834_39cc_06446,curated_E_hetero
feat_sae_20260828_080834_39cc_11127,curated_E_hetero
feat_sae_20260828_080834_39cc_21114,curated_E_hetero
feat_sae_20260828_080834_39cc_00021,curated_D_hetero
feat_sae_20260828_080834_39cc_29634,curated_E_mid
feat_sae_20260828_080834_39cc_10303,curated_E_hetero
feat_sae_20260828_080834_39cc_13835,curated_E_hetero
feat_sae_20260828_080834_39cc_09186,curated_E_mid
feat_sae_20260828_080834_39cc_02972,curated_D_hetero
feat_sae_20260828_080834_39cc_13772,curated_E_hetero
feat_sae_20260828_080834_39cc_04863,curated_E_hetero
feat_sae_20260828_080834_39cc_28781,curated_E_hetero
feat_sae_20260828_080834_39cc_29479,curated_E_hetero
feat_sae_20260828_080834_39cc_15570,curated_E_hetero
feat_sae_20260828_080834_39cc_00556,curated_E_hetero
feat_sae_20260828_080834_39cc_26207,curated_E_hetero
feat_sae_20260828_080834_39cc_13869,curated_E_hetero
feat_sae_20260828_080834_39cc_09326,curated_D_hetero
feat_sae_20260828_080834_39cc_23646,curated_E_hetero
feat_sae_20260828_080834_39cc_26711,curated_E_hetero
feat_sae_20260828_080834_39cc_16570,curated_E_homog
feat_sae_20260828_080834_39cc_18785,curated_E_hetero
feat_sae_20260828_080834_39cc_21462,curated_E_mid
feat_sae_20260828_080834_39cc_22961,curated_E_hetero
feat_sae_20260828_080834_39cc_10719,curated_D_hetero
feat_sae_20260828_080834_39cc_00010,curated_E_hetero
feat_sae_20260828_080834_39cc_19783,curated_E_hetero
feat_sae_20260828_080834_39cc_07411,curated_E_hetero
feat_sae_20260828_080834_39cc_22485,curated_E_hetero
feat_sae_20260828_080834_39cc_07186,curated_D_hetero
feat_sae_20260828_080834_39cc_03613,curated_E_mid
feat_sae_20260828_080834_39cc_00017,curated_E_hetero
feat_sae_20260828_080834_39cc_25805,curated_D_mid
feat_sae_20260828_080834_39cc_10111,curated_E_hetero
feat_sae_20260828_080834_39cc_03456,curated_E_hetero
feat_sae_20260828_080834_39cc_15713,curated_E_hetero
feat_sae_20260828_080834_39cc_06205,curated_D_hetero
feat_sae_20260828_080834_39cc_24828,curated_E_hetero
feat_sae_20260828_080834_39cc_16360,curated_E_hetero
feat_sae_20260828_080834_39cc_27232,curated_E_hetero
feat_sae_20260828_080834_39cc_24729,curated_D_hetero
feat_sae_20260828_080834_39cc_07730,curated_D_hetero
feat_sae_20260828_080834_39cc_05276,curated_E_hetero
feat_sae_20260828_080834_39cc_10012,curated_E_hetero
feat_sae_20260828_080834_39cc_18639,curated_E_hetero
feat_sae_20260828_080834_39cc_13482,curated_D_hetero
feat_sae_20260828_080834_39cc_16129,curated_E_hetero
feat_sae_20260828_080834_39cc_13076,curated_E_mid
feat_sae_20260828_080834_39cc_04350,curated_E_hetero
feat_sae_20260828_080834_39cc_08765,curated_D_hetero
feat_sae_20260828_080834_39cc_28141,curated_E_homog
feat_sae_20260828_080834_39cc_26868,curated_E_homog
feat_sae_20260828_080834_39cc_08052,curated_E_mid
feat_sae_20260828_080834_39cc_15951,curated_D_hetero
feat_sae_20260828_080834_39cc_02528,curated_E_hetero
feat_sae_20260828_080834_39cc_02667,curated_E_mid
feat_sae_20260828_080834_39cc_28645,curated_E_hetero
feat_sae_20260828_080834_39cc_00376,curated_E_hetero
feat_sae_20260828_080834_39cc_07326,curated_E_hetero
feat_sae_20260828_080834_39cc_11909,curated_E_homog
feat_sae_20260828_080834_39cc_17213,curated_E_mid
feat_sae_20260828_080834_39cc_09070,curated_E_hetero
feat_sae_20260828_080834_39cc_10241,curated_E_homog
feat_sae_20260828_080834_39cc_00495,curated_E_mid
feat_sae_20260828_080834_39cc_14008,curated_E_hetero
feat_sae_20260828_080834_39cc_20367,curated_E_mid
feat_sae_20260828_080834_39cc_16710,curated_E_homog
feat_sae_20260828_080834_39cc_02171,curated_E_hetero
feat_sae_20260828_080834_39cc_21172,curated_E_hetero
feat_sae_20260828_080834_39cc_27864,reference
feat_sae_20260828_080834_39cc_04477,curated_E_hetero
feat_sae_20260828_080834_39cc_15605,reference
feat_sae_20260828_080834_39cc_04906,curated_E_hetero
feat_sae_20260828_080834_39cc_08652,curated_E_hetero
feat_sae_20260828_080834_39cc_17664,curated_E_hetero
feat_sae_20260828_080834_39cc_00656,curated_E_hetero
feat_sae_20260828_080834_39cc_26114,curated_E_hetero
feat_sae_20260828_080834_39cc_30689,curated_D_hetero
feat_sae_20260828_080834_39cc_06473,curated_E_hetero
feat_sae_20260828_080834_39cc_05909,curated_E_hetero
feat_sae_20260828_080834_39cc_28899,curated_E_hetero
feat_sae_20260828_080834_39cc_16498,curated_D_hetero
feat_sae_20260828_080834_39cc_11027,curated_E_hetero
feat_sae_20260828_080834_39cc_03736,curated_E_hetero
feat_sae_20260828_080834_39cc_22010,curated_E_hetero
feat_sae_20260828_080834_39cc_25107,curated_D_hetero
feat_sae_20260828_080834_39cc_20857,curated_D_hetero
feat_sae_20260828_080834_39cc_13490,curated_E_hetero
feat_sae_20260828_080834_39cc_01346,curated_E_hetero
feat_sae_20260828_080834_39cc_21337,curated_E_hetero
feat_sae_20260828_080834_39cc_22566,curated_E_hetero
feat_sae_20260828_080834_39cc_29573,curated_E_hetero
feat_sae_20260828_080834_39cc_25229,curated_E_hetero
feat_sae_20260828_080834_39cc_14516,curated_D_mid
feat_sae_20260828_080834_39cc_13288,curated_E_hetero
feat_sae_20260828_080834_39cc_24075,curated_E_mid
feat_sae_20260828_080834_39cc_04323,curated_E_hetero
feat_sae_20260828_080834_39cc_07355,curated_E_mid
feat_sae_20260828_080834_39cc_12988,curated_E_hetero
feat_sae_20260828_080834_39cc_13864,curated_E_hetero
feat_sae_20260828_080834_39cc_22945,curated_E_hetero
feat_sae_20260828_080834_39cc_27811,curated_E_hetero
feat_sae_20260828_080834_39cc_18061,curated_E_hetero
feat_sae_20260828_080834_39cc_25557,curated_E_mid
feat_sae_20260828_080834_39cc_08643,curated_E_hetero
feat_sae_20260828_080834_39cc_22585,curated_E_hetero
feat_sae_20260828_080834_39cc_18889,curated_E_hetero
feat_sae_20260828_080834_39cc_29161,curated_D_hetero
feat_sae_20260828_080834_39cc_10518,curated_E_hetero
feat_sae_20260828_080834_39cc_22387,curated_D_hetero
feat_sae_20260828_080834_39cc_25647,curated_E_mid
feat_sae_20260828_080834_39cc_23698,curated_E_mid
feat_sae_20260828_080834_39cc_26303,curated_E_hetero
feat_sae_20260828_080834_39cc_08954,curated_E_hetero
feat_sae_20260828_080834_39cc_28209,curated_E_hetero
feat_sae_20260828_080834_39cc_08517,curated_E_hetero
feat_sae_20260828_080834_39cc_30677,curated_E_hetero
feat_sae_20260828_080834_39cc_07248,curated_E_hetero
feat_sae_20260828_080834_39cc_12068,curated_E_mid
feat_sae_20260828_080834_39cc_25523,curated_E_hetero
feat_sae_20260828_080834_39cc_19506,curated_E_mid
feat_sae_20260828_080834_39cc_26258,curated_E_homog
feat_sae_20260828_080834_39cc_18729,curated_E_hetero
feat_sae_20260828_080834_39cc_28156,curated_E_hetero
feat_sae_20260828_080834_39cc_11213,curated_E_hetero
feat_sae_20260828_080834_39cc_19548,curated_E_hetero
feat_sae_20260828_080834_39cc_28742,curated_D_hetero
feat_sae_20260828_080834_39cc_19198,reference
feat_sae_20260828_080834_39cc_22183,curated_E_hetero
feat_sae_20260828_080834_39cc_06534,curated_E_hetero
feat_sae_20260828_080834_39cc_24819,curated_E_hetero
feat_sae_20260828_080834_39cc_11959,curated_D_hetero
feat_sae_20260828_080834_39cc_28486,curated_E_homog
feat_sae_20260828_080834_39cc_21390,curated_E_mid
feat_sae_20260828_080834_39cc_19405,curated_E_hetero
feat_sae_20260828_080834_39cc_12314,curated_E_hetero
feat_sae_20260828_080834_39cc_18076,curated_E_hetero
feat_sae_20260828_080834_39cc_26922,curated_E_hetero
feat_sae_20260828_080834_39cc_30504,curated_E_hetero
feat_sae_20260828_080834_39cc_18678,curated_E_hetero
feat_sae_20260828_080834_39cc_12086,curated_E_hetero
feat_sae_20260828_080834_39cc_14541,curated_E_hetero
feat_sae_20260828_080834_39cc_20269,curated_D_hetero
feat_sae_20260828_080834_39cc_08560,curated_E_hetero
feat_sae_20260828_080834_39cc_01786,curated_E_hetero
feat_sae_20260828_080834_39cc_20736,curated_E_hetero
feat_sae_20260828_080834_39cc_13740,curated_D_hetero
feat_sae_20260828_080834_39cc_01393,curated_E_homog
feat_sae_20260828_080834_39cc_19578,curated_E_hetero
feat_sae_20260828_080834_39cc_12125,curated_E_hetero
feat_sae_20260828_080834_39cc_03770,curated_E_hetero
feat_sae_20260828_080834_39cc_15978,curated_E_homog
feat_sae_20260828_080834_39cc_01706,curated_E_hetero
feat_sae_20260828_080834_39cc_21064,curated_E_hetero
feat_sae_20260828_080834_39cc_07966,curated_E_homog
feat_sae_20260828_080834_39cc_15340,curated_D_hetero
feat_sae_20260828_080834_39cc_16119,curated_D_hetero
feat_sae_20260828_080834_39cc_24608,curated_E_hetero
feat_sae_20260828_080834_39cc_00844,curated_E_homog
feat_sae_20260828_080834_39cc_01156,curated_E_mid
feat_sae_20260828_080834_39cc_02686,curated_E_hetero
feat_sae_20260828_080834_39cc_19675,curated_D_hetero
feat_sae_20260828_080834_39cc_21602,curated_E_hetero
feat_sae_20260828_080834_39cc_08001,curated_E_hetero
feat_sae_20260828_080834_39cc_23165,curated_D_hetero
feat_sae_20260828_080834_39cc_02358,curated_E_hetero
feat_sae_20260828_080834_39cc_03828,curated_E_hetero
feat_sae_20260828_080834_39cc_27729,curated_E_hetero
feat_sae_20260828_080834_39cc_18570,curated_E_hetero
feat_sae_20260828_080834_39cc_26552,curated_E_hetero
feat_sae_20260828_080834_39cc_15385,curated_E_hetero
feat_sae_20260828_080834_39cc_04338,curated_E_hetero
feat_sae_20260828_080834_39cc_02251,curated_E_hetero
feat_sae_20260828_080834_39cc_04127,curated_D_hetero
feat_sae_20260828_080834_39cc_24571,curated_E_hetero
feat_sae_20260828_080834_39cc_18453,curated_D_hetero
feat_sae_20260828_080834_39cc_14863,curated_D_hetero
feat_sae_20260828_080834_39cc_05820,curated_E_homog
feat_sae_20260828_080834_39cc_03005,curated_E_homog
feat_sae_20260828_080834_39cc_28931,curated_E_hetero
feat_sae_20260828_080834_39cc_09863,curated_E_hetero
feat_sae_20260828_080834_39cc_22116,curated_E_hetero
feat_sae_20260828_080834_39cc_15512,curated_E_hetero
feat_sae_20260828_080834_39cc_15241,curated_E_mid
feat_sae_20260828_080834_39cc_22180,curated_E_mid
feat_sae_20260828_080834_39cc_12999,curated_E_hetero
feat_sae_20260828_080834_39cc_12588,curated_E_hetero
feat_sae_20260828_080834_39cc_30327,curated_D_hetero
feat_sae_20260828_080834_39cc_19718,curated_D_hetero
feat_sae_20260828_080834_39cc_16821,curated_E_hetero
feat_sae_20260828_080834_39cc_23230,curated_E_hetero
feat_sae_20260828_080834_39cc_08242,curated_D_hetero
feat_sae_20260828_080834_39cc_23967,curated_E_mid
feat_sae_20260828_080834_39cc_21531,curated_E_mid
feat_sae_20260828_080834_39cc_07648,curated_E_homog
feat_sae_20260828_080834_39cc_20119,curated_E_hetero
feat_sae_20260828_080834_39cc_26752,reference
feat_sae_20260828_080834_39cc_01034,curated_E_hetero
feat_sae_20260828_080834_39cc_25477,curated_E_mid
feat_sae_20260828_080834_39cc_23949,curated_E_homog
feat_sae_20260828_080834_39cc_02670,curated_E_hetero
feat_sae_20260828_080834_39cc_17966,curated_E_hetero
feat_sae_20260828_080834_39cc_13802,curated_E_hetero
feat_sae_20260828_080834_39cc_18352,curated_E_hetero
feat_sae_20260828_080834_39cc_13968,curated_E_hetero
feat_sae_20260828_080834_39cc_28524,curated_E_hetero
feat_sae_20260828_080834_39cc_11842,curated_E_hetero
feat_sae_20260828_080834_39cc_26921,curated_E_hetero
feat_sae_20260828_080834_39cc_21736,curated_E_hetero
feat_sae_20260828_080834_39cc_14341,curated_E_hetero
feat_sae_20260828_080834_39cc_26203,curated_E_homog
feat_sae_20260828_080834_39cc_15437,curated_E_hetero
feat_sae_20260828_080834_39cc_23046,curated_D_hetero
feat_sae_20260828_080834_39cc_01507,curated_E_hetero
feat_sae_20260828_080834_39cc_13715,curated_E_hetero
feat_sae_20260828_080834_39cc_26435,curated_E_hetero
feat_sae_20260828_080834_39cc_24037,curated_D_hetero
feat_sae_20260828_080834_39cc_03512,curated_E_hetero
feat_sae_20260828_080834_39cc_13596,curated_D_hetero
feat_sae_20260828_080834_39cc_04695,curated_E_homog
feat_sae_20260828_080834_39cc_14477,curated_E_hetero
feat_sae_20260828_080834_39cc_14587,curated_E_hetero
feat_sae_20260828_080834_39cc_04270,curated_D_hetero
feat_sae_20260828_080834_39cc_27549,curated_E_hetero
feat_sae_20260828_080834_39cc_07536,curated_E_hetero
feat_sae_20260828_080834_39cc_07877,curated_E_homog
feat_sae_20260828_080834_39cc_18127,curated_D_hetero
feat_sae_20260828_080834_39cc_21486,curated_E_homog
feat_sae_20260828_080834_39cc_08963,curated_E_hetero
feat_sae_20260828_080834_39cc_07598,curated_E_hetero
feat_sae_20260828_080834_39cc_29484,curated_E_hetero
feat_sae_20260828_080834_39cc_15061,curated_E_hetero
feat_sae_20260828_080834_39cc_03745,curated_E_homog
feat_sae_20260828_080834_39cc_22078,curated_E_mid
feat_sae_20260828_080834_39cc_05690,reference
feat_sae_20260828_080834_39cc_28488,curated_E_hetero
feat_sae_20260828_080834_39cc_20443,curated_E_mid
feat_sae_20260828_080834_39cc_28761,curated_E_hetero
feat_sae_20260828_080834_39cc_22421,reference
feat_sae_20260828_080834_39cc_20983,curated_E_mid
feat_sae_20260828_080834_39cc_12172,curated_D_hetero
feat_sae_20260828_080834_39cc_19127,curated_E_hetero
feat_sae_20260828_080834_39cc_07270,curated_E_hetero
feat_sae_20260828_080834_39cc_12254,curated_E_hetero
feat_sae_20260828_080834_39cc_25814,curated_E_hetero
feat_sae_20260828_080834_39cc_07234,curated_E_hetero
feat_sae_20260828_080834_39cc_12447,curated_E_hetero
feat_sae_20260828_080834_39cc_00438,curated_E_hetero
feat_sae_20260828_080834_39cc_24837,curated_E_hetero
feat_sae_20260828_080834_39cc_07461,curated_D_hetero
feat_sae_20260828_080834_39cc_08341,curated_E_mid
feat_sae_20260828_080834_39cc_05705,curated_D_hetero
feat_sae_20260828_080834_39cc_30067,curated_E_hetero
feat_sae_20260828_080834_39cc_14730,curated_E_hetero
feat_sae_20260828_080834_39cc_04596,curated_E_mid
feat_sae_20260828_080834_39cc_24380,curated_E_hetero
feat_sae_20260828_080834_39cc_20775,curated_E_hetero
feat_sae_20260828_080834_39cc_05808,curated_E_hetero
feat_sae_20260828_080834_39cc_26684,curated_E_hetero
feat_sae_20260828_080834_39cc_16029,curated_D_hetero
feat_sae_20260828_080834_39cc_28578,curated_E_hetero
feat_sae_20260828_080834_39cc_19268,curated_E_hetero
feat_sae_20260828_080834_39cc_25370,curated_E_hetero
feat_sae_20260828_080834_39cc_23248,curated_E_hetero
feat_sae_20260828_080834_39cc_23132,curated_E_hetero
feat_sae_20260828_080834_39cc_25649,curated_D_hetero
feat_sae_20260828_080834_39cc_10200,curated_E_hetero
feat_sae_20260828_080834_39cc_27069,curated_E_hetero
feat_sae_20260828_080834_39cc_13568,curated_E_hetero
feat_sae_20260828_080834_39cc_30587,curated_D_hetero
feat_sae_20260828_080834_39cc_00245,reference
feat_sae_20260828_080834_39cc_11309,curated_E_hetero
feat_sae_20260828_080834_39cc_26731,curated_D_hetero
feat_sae_20260828_080834_39cc_13100,curated_E_hetero
feat_sae_20260828_080834_39cc_19330,curated_E_mid
feat_sae_20260828_080834_39cc_04590,curated_E_hetero
feat_sae_20260828_080834_39cc_30507,curated_E_mid
feat_sae_20260828_080834_39cc_30666,curated_E_homog
feat_sae_20260828_080834_39cc_18015,curated_E_hetero
feat_sae_20260828_080834_39cc_17701,curated_E_hetero
feat_sae_20260828_080834_39cc_13623,curated_E_hetero
feat_sae_20260828_080834_39cc_03144,curated_E_hetero
feat_sae_20260828_080834_39cc_25598,curated_E_homog
feat_sae_20260828_080834_39cc_26814,curated_E_mid
feat_sae_20260828_080834_39cc_08716,curated_E_hetero
feat_sae_20260828_080834_39cc_16588,curated_E_hetero
feat_sae_20260828_080834_39cc_24496,curated_E_hetero
feat_sae_20260828_080834_39cc_29293,curated_E_hetero
feat_sae_20260828_080834_39cc_18245,curated_E_hetero
feat_sae_20260828_080834_39cc_13595,curated_E_mid
feat_sae_20260828_080834_39cc_22781,curated_D_hetero
feat_sae_20260828_080834_39cc_30633,curated_E_hetero
feat_sae_20260828_080834_39cc_08186,curated_E_hetero
feat_sae_20260828_080834_39cc_02874,curated_D_hetero
feat_sae_20260828_080834_39cc_26907,curated_D_hetero
feat_sae_20260828_080834_39cc_16612,curated_E_hetero
feat_sae_20260828_080834_39cc_17239,curated_D_hetero
feat_sae_20260828_080834_39cc_16806,curated_E_hetero
feat_sae_20260828_080834_39cc_27098,curated_E_hetero
feat_sae_20260828_080834_39cc_28354,curated_E_hetero
feat_sae_20260828_080834_39cc_27271,curated_E_hetero
feat_sae_20260828_080834_39cc_28113,curated_E_homog
feat_sae_20260828_080834_39cc_14640,curated_E_hetero
feat_sae_20260828_080834_39cc_27116,curated_E_hetero
feat_sae_20260828_080834_39cc_14508,curated_D_hetero
feat_sae_20260828_080834_39cc_22992,curated_D_hetero
feat_sae_20260828_080834_39cc_21953,curated_E_hetero
feat_sae_20260828_080834_39cc_27306,curated_E_hetero
feat_sae_20260828_080834_39cc_24419,curated_E_homog
feat_sae_20260828_080834_39cc_08923,curated_E_hetero
feat_sae_20260828_080834_39cc_11024,curated_E_hetero
feat_sae_20260828_080834_39cc_09038,curated_E_hetero
feat_sae_20260828_080834_39cc_17247,curated_E_hetero
feat_sae_20260828_080834_39cc_14889,curated_E_hetero
feat_sae_20260828_080834_39cc_09891,curated_E_mid
feat_sae_20260828_080834_39cc_28102,curated_D_hetero
feat_sae_20260828_080834_39cc_05597,curated_E_hetero
feat_sae_20260828_080834_39cc_30522,curated_D_mid
feat_sae_20260828_080834_39cc_16608,curated_E_hetero
feat_sae_20260828_080834_39cc_02041,curated_E_hetero
feat_sae_20260828_080834_39cc_26802,curated_E_hetero
feat_sae_20260828_080834_39cc_28342,curated_E_homog
feat_sae_20260828_080834_39cc_15582,curated_E_hetero
feat_sae_20260828_080834_39cc_30462,curated_E_hetero
feat_sae_20260828_080834_39cc_01167,curated_E_hetero
feat_sae_20260828_080834_39cc_22159,curated_E_hetero
feat_sae_20260828_080834_39cc_24975,curated_E_hetero
feat_sae_20260828_080834_39cc_06063,curated_E_hetero
feat_sae_20260828_080834_39cc_21482,curated_E_hetero
feat_sae_20260828_080834_39cc_12742,curated_E_hetero
feat_sae_20260828_080834_39cc_14645,curated_E_hetero
feat_sae_20260828_080834_39cc_04522,curated_E_homog
feat_sae_20260828_080834_39cc_24130,curated_E_mid
feat_sae_20260828_080834_39cc_18080,curated_E_hetero
feat_sae_20260828_080834_39cc_01787,curated_E_hetero
feat_sae_20260828_080834_39cc_09161,curated_E_hetero
feat_sae_20260828_080834_39cc_28353,curated_E_hetero
feat_sae_20260828_080834_39cc_17633,curated_E_hetero
feat_sae_20260828_080834_39cc_24005,curated_D_hetero
feat_sae_20260828_080834_39cc_24284,curated_E_hetero
feat_sae_20260828_080834_39cc_14751,curated_E_hetero
feat_sae_20260828_080834_39cc_18241,curated_E_hetero
feat_sae_20260828_080834_39cc_11009,curated_E_hetero
feat_sae_20260828_080834_39cc_02925,curated_E_hetero
feat_sae_20260828_080834_39cc_24371,curated_E_hetero
feat_sae_20260828_080834_39cc_26106,curated_E_mid
feat_sae_20260828_080834_39cc_13827,curated_E_hetero
feat_sae_20260828_080834_39cc_04012,curated_E_hetero
feat_sae_20260828_080834_39cc_04224,curated_E_hetero
feat_sae_20260828_080834_39cc_10463,curated_E_hetero
feat_sae_20260828_080834_39cc_11625,curated_E_homog
feat_sae_20260828_080834_39cc_26529,curated_D_hetero
feat_sae_20260828_080834_39cc_28298,curated_D_hetero
feat_sae_20260828_080834_39cc_24806,curated_E_hetero
feat_sae_20260828_080834_39cc_25352,curated_E_hetero
feat_sae_20260828_080834_39cc_01370,curated_E_hetero
feat_sae_20260828_080834_39cc_24381,curated_D_hetero
feat_sae_20260828_080834_39cc_21425,curated_E_homog
feat_sae_20260828_080834_39cc_23739,curated_E_homog
feat_sae_20260828_080834_39cc_15364,curated_D_hetero
feat_sae_20260828_080834_39cc_30448,curated_E_hetero
feat_sae_20260828_080834_39cc_15996,curated_D_hetero
feat_sae_20260828_080834_39cc_04442,curated_E_hetero
feat_sae_20260828_080834_39cc_10456,curated_E_hetero
feat_sae_20260828_080834_39cc_19369,curated_D_hetero
feat_sae_20260828_080834_39cc_29094,curated_E_hetero
feat_sae_20260828_080834_39cc_14928,curated_E_hetero
feat_sae_20260828_080834_39cc_04387,curated_E_hetero
feat_sae_20260828_080834_39cc_09469,curated_E_hetero
feat_sae_20260828_080834_39cc_03115,curated_E_hetero
feat_sae_20260828_080834_39cc_17617,curated_D_hetero
feat_sae_20260828_080834_39cc_09588,curated_E_hetero
feat_sae_20260828_080834_39cc_17426,curated_E_hetero
feat_sae_20260828_080834_39cc_28786,curated_E_hetero
feat_sae_20260828_080834_39cc_28523,curated_D_hetero
feat_sae_20260828_080834_39cc_21578,curated_E_hetero
feat_sae_20260828_080834_39cc_19054,curated_E_hetero
feat_sae_20260828_080834_39cc_18452,curated_E_homog
feat_sae_20260828_080834_39cc_19177,curated_D_hetero
feat_sae_20260828_080834_39cc_06980,curated_E_hetero
feat_sae_20260828_080834_39cc_02092,curated_E_hetero
feat_sae_20260828_080834_39cc_07727,curated_E_hetero
feat_sae_20260828_080834_39cc_24397,curated_E_hetero
feat_sae_20260828_080834_39cc_21177,curated_E_hetero
feat_sae_20260828_080834_39cc_16682,curated_E_hetero
feat_sae_20260828_080834_39cc_08184,curated_E_hetero
feat_sae_20260828_080834_39cc_11376,curated_E_mid
feat_sae_20260828_080834_39cc_25632,curated_E_mid
feat_sae_20260828_080834_39cc_18617,curated_E_hetero
feat_sae_20260828_080834_39cc_04959,curated_E_hetero
feat_sae_20260828_080834_39cc_11183,curated_E_hetero
feat_sae_20260828_080834_39cc_17175,curated_D_mid
feat_sae_20260828_080834_39cc_05184,curated_E_hetero
feat_sae_20260828_080834_39cc_25093,curated_E_hetero
feat_sae_20260828_080834_39cc_10900,curated_E_hetero
feat_sae_20260828_080834_39cc_18571,curated_E_hetero
feat_sae_20260828_080834_39cc_14217,curated_E_hetero
feat_sae_20260828_080834_39cc_19414,curated_E_hetero
feat_sae_20260828_080834_39cc_18620,curated_E_homog
feat_sae_20260828_080834_39cc_30719,curated_D_hetero
feat_sae_20260828_080834_39cc_01847,curated_E_hetero
feat_sae_20260828_080834_39cc_13373,curated_E_mid
feat_sae_20260828_080834_39cc_08505,curated_E_hetero
feat_sae_20260828_080834_39cc_02152,curated_E_mid
feat_sae_20260828_080834_39cc_18647,curated_E_mid
feat_sae_20260828_080834_39cc_18824,curated_E_mid
feat_sae_20260828_080834_39cc_01334,curated_E_hetero
feat_sae_20260828_080834_39cc_02595,curated_D_hetero
feat_sae_20260828_080834_39cc_01604,reference
feat_sae_20260828_080834_39cc_25299,curated_E_hetero
feat_sae_20260828_080834_39cc_05878,curated_D_hetero
feat_sae_20260828_080834_39cc_09714,curated_E_hetero
feat_sae_20260828_080834_39cc_20381,curated_D_hetero
feat_sae_20260828_080834_39cc_28724,curated_E_hetero
feat_sae_20260828_080834_39cc_08212,curated_E_hetero
feat_sae_20260828_080834_39cc_11188,curated_D_hetero
feat_sae_20260828_080834_39cc_30013,curated_E_homog
feat_sae_20260828_080834_39cc_22478,curated_E_hetero
feat_sae_20260828_080834_39cc_06285,curated_E_hetero
feat_sae_20260828_080834_39cc_16557,curated_E_hetero
feat_sae_20260828_080834_39cc_06905,curated_D_hetero
feat_sae_20260828_080834_39cc_14780,curated_E_hetero
feat_sae_20260828_080834_39cc_29354,curated_D_hetero
feat_sae_20260828_080834_39cc_18054,curated_D_hetero
feat_sae_20260828_080834_39cc_03504,curated_E_hetero
feat_sae_20260828_080834_39cc_10874,curated_E_hetero
feat_sae_20260828_080834_39cc_03355,curated_E_hetero
feat_sae_20260828_080834_39cc_11471,curated_E_hetero
feat_sae_20260828_080834_39cc_19422,curated_D_hetero
feat_sae_20260828_080834_39cc_26691,curated_E_hetero
feat_sae_20260828_080834_39cc_16411,curated_D_hetero
feat_sae_20260828_080834_39cc_13104,curated_E_hetero
feat_sae_20260828_080834_39cc_19375,curated_E_hetero
feat_sae_20260828_080834_39cc_16036,curated_E_hetero
feat_sae_20260828_080834_39cc_15096,curated_E_hetero
feat_sae_20260828_080834_39cc_10072,curated_E_homog
feat_sae_20260828_080834_39cc_27608,curated_E_mid
feat_sae_20260828_080834_39cc_25524,curated_E_homog
feat_sae_20260828_080834_39cc_16986,curated_E_hetero
feat_sae_20260828_080834_39cc_06893,curated_E_hetero
feat_sae_20260828_080834_39cc_03776,curated_E_hetero
feat_sae_20260828_080834_39cc_22185,curated_E_hetero
feat_sae_20260828_080834_39cc_00378,curated_E_hetero
feat_sae_20260828_080834_39cc_05915,curated_E_hetero
feat_sae_20260828_080834_39cc_16642,curated_E_hetero
feat_sae_20260828_080834_39cc_01957,curated_E_hetero
feat_sae_20260828_080834_39cc_21958,curated_D_hetero
feat_sae_20260828_080834_39cc_28369,curated_E_mid
feat_sae_20260828_080834_39cc_17503,curated_E_hetero
feat_sae_20260828_080834_39cc_14801,curated_E_hetero
feat_sae_20260828_080834_39cc_23983,curated_E_mid
feat_sae_20260828_080834_39cc_09160,curated_E_hetero
feat_sae_20260828_080834_39cc_10887,reference
feat_sae_20260828_080834_39cc_11952,curated_E_hetero
feat_sae_20260828_080834_39cc_05516,curated_D_hetero
feat_sae_20260828_080834_39cc_03572,curated_E_hetero
feat_sae_20260828_080834_39cc_25225,curated_E_hetero
feat_sae_20260828_080834_39cc_16283,curated_E_hetero
feat_sae_20260828_080834_39cc_10480,curated_E_hetero
feat_sae_20260828_080834_39cc_20059,curated_E_hetero
feat_sae_20260828_080834_39cc_14352,curated_E_hetero
feat_sae_20260828_080834_39cc_04137,curated_E_homog
feat_sae_20260828_080834_39cc_13268,curated_E_hetero
feat_sae_20260828_080834_39cc_00812,curated_D_hetero
feat_sae_20260828_080834_39cc_29895,curated_E_hetero
feat_sae_20260828_080834_39cc_16205,curated_D_hetero
feat_sae_20260828_080834_39cc_04116,curated_E_hetero
feat_sae_20260828_080834_39cc_19352,curated_E_homog
feat_sae_20260828_080834_39cc_00803,curated_E_hetero
feat_sae_20260828_080834_39cc_19085,curated_E_hetero
feat_sae_20260828_080834_39cc_01704,curated_E_hetero
feat_sae_20260828_080834_39cc_05212,curated_E_hetero
feat_sae_20260828_080834_39cc_08274,curated_E_mid
feat_sae_20260828_080834_39cc_27194,curated_E_hetero
feat_sae_20260828_080834_39cc_12875,curated_D_hetero
feat_sae_20260828_080834_39cc_08830,curated_E_homog
feat_sae_20260828_080834_39cc_24038,curated_D_hetero
feat_sae_20260828_080834_39cc_02482,curated_E_hetero
feat_sae_20260828_080834_39cc_08262,curated_E_hetero
feat_sae_20260828_080834_39cc_05790,curated_E_hetero
feat_sae_20260828_080834_39cc_16137,curated_E_hetero
feat_sae_20260828_080834_39cc_25447,curated_E_hetero
feat_sae_20260828_080834_39cc_05256,curated_E_hetero
feat_sae_20260828_080834_39cc_19008,curated_E_mid
feat_sae_20260828_080834_39cc_06017,curated_E_hetero
feat_sae_20260828_080834_39cc_24182,curated_E_hetero
feat_sae_20260828_080834_39cc_20672,curated_E_hetero
feat_sae_20260828_080834_39cc_19924,curated_E_hetero
feat_sae_20260828_080834_39cc_01326,curated_E_hetero
feat_sae_20260828_080834_39cc_25036,curated_E_mid
feat_sae_20260828_080834_39cc_09911,curated_E_hetero
feat_sae_20260828_080834_39cc_04064,curated_E_hetero
feat_sae_20260828_080834_39cc_00137,curated_E_hetero
feat_sae_20260828_080834_39cc_30361,curated_E_hetero
feat_sae_20260828_080834_39cc_23413,curated_E_hetero
feat_sae_20260828_080834_39cc_02151,curated_E_hetero
feat_sae_20260828_080834_39cc_02979,curated_D_hetero
feat_sae_20260828_080834_39cc_29421,curated_E_homog
feat_sae_20260828_080834_39cc_17397,curated_E_hetero
feat_sae_20260828_080834_39cc_16919,curated_E_hetero
feat_sae_20260828_080834_39cc_13655,curated_D_hetero
feat_sae_20260828_080834_39cc_22670,curated_E_homog
feat_sae_20260828_080834_39cc_21259,curated_E_hetero
feat_sae_20260828_080834_39cc_10249,curated_D_hetero
feat_sae_20260828_080834_39cc_13470,curated_E_hetero
feat_sae_20260828_080834_39cc_17783,curated_E_hetero
feat_sae_20260828_080834_39cc_16572,curated_E_hetero
feat_sae_20260828_080834_39cc_26082,curated_E_hetero
feat_sae_20260828_080834_39cc_00842,curated_E_hetero
feat_sae_20260828_080834_39cc_21660,curated_E_hetero
feat_sae_20260828_080834_39cc_04167,curated_D_hetero
feat_sae_20260828_080834_39cc_05234,curated_D_hetero
feat_sae_20260828_080834_39cc_09016,curated_E_hetero
feat_sae_20260828_080834_39cc_12917,curated_E_hetero
feat_sae_20260828_080834_39cc_13842,curated_E_hetero
feat_sae_20260828_080834_39cc_08335,curated_D_hetero
feat_sae_20260828_080834_39cc_13513,curated_D_hetero
feat_sae_20260828_080834_39cc_16156,reference
feat_sae_20260828_080834_39cc_11068,curated_E_hetero
feat_sae_20260828_080834_39cc_27262,curated_E_hetero
feat_sae_20260828_080834_39cc_02991,curated_E_homog
feat_sae_20260828_080834_39cc_01281,curated_E_hetero
feat_sae_20260828_080834_39cc_20486,curated_E_hetero
feat_sae_20260828_080834_39cc_17029,curated_D_hetero
feat_sae_20260828_080834_39cc_06137,curated_E_hetero
feat_sae_20260828_080834_39cc_23114,curated_E_hetero
feat_sae_20260828_080834_39cc_10211,curated_E_hetero
feat_sae_20260828_080834_39cc_15780,curated_E_hetero
feat_sae_20260828_080834_39cc_19446,curated_E_mid
feat_sae_20260828_080834_39cc_23931,curated_E_hetero
feat_sae_20260828_080834_39cc_28260,curated_E_hetero
feat_sae_20260828_080834_39cc_06358,curated_E_hetero
feat_sae_20260828_080834_39cc_02197,curated_E_mid
feat_sae_20260828_080834_39cc_13838,curated_E_hetero
feat_sae_20260828_080834_39cc_09982,curated_E_hetero
feat_sae_20260828_080834_39cc_07712,curated_E_hetero
feat_sae_20260828_080834_39cc_30255,curated_E_hetero
feat_sae_20260828_080834_39cc_05321,curated_E_homog
feat_sae_20260828_080834_39cc_17035,curated_E_hetero
feat_sae_20260828_080834_39cc_30022,curated_E_hetero
feat_sae_20260828_080834_39cc_18019,curated_E_homog
feat_sae_20260828_080834_39cc_26619,curated_D_hetero
feat_sae_20260828_080834_39cc_06612,curated_D_hetero
feat_sae_20260828_080834_39cc_07119,curated_E_hetero
feat_sae_20260828_080834_39cc_22792,curated_E_hetero
feat_sae_20260828_080834_39cc_24033,curated_D_hetero
feat_sae_20260828_080834_39cc_29745,curated_E_hetero
feat_sae_20260828_080834_39cc_26461,curated_E_hetero
feat_sae_20260828_080834_39cc_26284,curated_E_hetero
feat_sae_20260828_080834_39cc_24476,curated_D_hetero
feat_sae_20260828_080834_39cc_06845,curated_E_hetero
feat_sae_20260828_080834_39cc_01140,curated_D_hetero
feat_sae_20260828_080834_39cc_28425,curated_E_hetero
feat_sae_20260828_080834_39cc_00502,curated_E_hetero
feat_sae_20260828_080834_39cc_22067,curated_E_hetero
feat_sae_20260828_080834_39cc_20882,curated_E_hetero
feat_sae_20260828_080834_39cc_26944,curated_E_hetero
feat_sae_20260828_080834_39cc_30302,curated_E_hetero
feat_sae_20260828_080834_39cc_28365,curated_E_hetero
feat_sae_20260828_080834_39cc_07908,curated_E_hetero
feat_sae_20260828_080834_39cc_08937,curated_D_hetero
feat_sae_20260828_080834_39cc_00414,curated_D_hetero
feat_sae_20260828_080834_39cc_11741,curated_E_hetero
feat_sae_20260828_080834_39cc_26446,curated_E_hetero
feat_sae_20260828_080834_39cc_12309,curated_E_hetero
feat_sae_20260828_080834_39cc_04106,curated_E_hetero
feat_sae_20260828_080834_39cc_20273,curated_D_homog
feat_sae_20260828_080834_39cc_06878,curated_D_hetero
feat_sae_20260828_080834_39cc_11508,curated_E_mid
feat_sae_20260828_080834_39cc_23567,curated_E_hetero
feat_sae_20260828_080834_39cc_10375,curated_E_hetero
feat_sae_20260828_080834_39cc_27452,curated_E_hetero
feat_sae_20260828_080834_39cc_15111,curated_E_hetero
feat_sae_20260828_080834_39cc_06619,curated_E_hetero
feat_sae_20260828_080834_39cc_06272,curated_D_hetero
feat_sae_20260828_080834_39cc_07963,curated_E_hetero
feat_sae_20260828_080834_39cc_00902,curated_E_hetero
feat_sae_20260828_080834_39cc_05255,curated_E_hetero
feat_sae_20260828_080834_39cc_01668,curated_E_hetero
feat_sae_20260828_080834_39cc_19811,curated_E_hetero
feat_sae_20260828_080834_39cc_04790,curated_E_hetero
feat_sae_20260828_080834_39cc_27193,curated_E_hetero
feat_sae_20260828_080834_39cc_25068,curated_E_hetero
feat_sae_20260828_080834_39cc_06728,curated_E_hetero
feat_sae_20260828_080834_39cc_15877,curated_E_mid
feat_sae_20260828_080834_39cc_27800,curated_E_hetero
feat_sae_20260828_080834_39cc_14702,curated_D_hetero
feat_sae_20260828_080834_39cc_28013,curated_D_hetero
feat_sae_20260828_080834_39cc_02399,curated_E_hetero
feat_sae_20260828_080834_39cc_05375,curated_E_hetero
feat_sae_20260828_080834_39cc_08295,curated_E_hetero
feat_sae_20260828_080834_39cc_23597,curated_D_hetero
feat_sae_20260828_080834_39cc_28716,curated_E_hetero
feat_sae_20260828_080834_39cc_07896,curated_E_hetero
feat_sae_20260828_080834_39cc_27185,curated_E_hetero
feat_sae_20260828_080834_39cc_15767,curated_E_hetero
feat_sae_20260828_080834_39cc_23919,curated_E_hetero
feat_sae_20260828_080834_39cc_12459,curated_E_hetero
feat_sae_20260828_080834_39cc_24953,curated_E_hetero
feat_sae_20260828_080834_39cc_23994,curated_D_hetero
feat_sae_20260828_080834_39cc_03563,curated_E_hetero
feat_sae_20260828_080834_39cc_15851,curated_E_homog
feat_sae_20260828_080834_39cc_09036,curated_E_hetero
feat_sae_20260828_080834_39cc_12687,curated_E_hetero
feat_sae_20260828_080834_39cc_26400,curated_D_hetero
feat_sae_20260828_080834_39cc_29081,curated_E_mid
feat_sae_20260828_080834_39cc_15046,curated_E_hetero
feat_sae_20260828_080834_39cc_23491,curated_E_hetero
feat_sae_20260828_080834_39cc_13999,curated_E_hetero
feat_sae_20260828_080834_39cc_18193,curated_E_hetero
feat_sae_20260828_080834_39cc_17548,curated_E_hetero
feat_sae_20260828_080834_39cc_12065,curated_D_hetero
feat_sae_20260828_080834_39cc_21474,curated_E_hetero
feat_sae_20260828_080834_39cc_10624,curated_D_hetero
feat_sae_20260828_080834_39cc_06694,curated_D_hetero
feat_sae_20260828_080834_39cc_05846,curated_E_hetero
feat_sae_20260828_080834_39cc_21479,curated_E_hetero
feat_sae_20260828_080834_39cc_15177,curated_E_mid
feat_sae_20260828_080834_39cc_20407,reference
feat_sae_20260828_080834_39cc_24415,curated_D_hetero
feat_sae_20260828_080834_39cc_19475,curated_E_hetero
feat_sae_20260828_080834_39cc_24167,curated_E_hetero
feat_sae_20260828_080834_39cc_01673,curated_E_hetero
feat_sae_20260828_080834_39cc_07880,curated_E_mid
feat_sae_20260828_080834_39cc_28764,curated_E_hetero
feat_sae_20260828_080834_39cc_02810,curated_E_mid
feat_sae_20260828_080834_39cc_30392,curated_E_hetero
feat_sae_20260828_080834_39cc_22802,curated_E_hetero
feat_sae_20260828_080834_39cc_03867,curated_E_hetero
feat_sae_20260828_080834_39cc_11913,curated_E_hetero
feat_sae_20260828_080834_39cc_22335,curated_D_hetero
feat_sae_20260828_080834_39cc_01826,curated_D_hetero
feat_sae_20260828_080834_39cc_30531,curated_D_hetero
feat_sae_20260828_080834_39cc_06984,curated_E_hetero
feat_sae_20260828_080834_39cc_05916,curated_E_hetero
feat_sae_20260828_080834_39cc_14353,curated_E_mid
feat_sae_20260828_080834_39cc_01378,curated_E_hetero
feat_sae_20260828_080834_39cc_12997,curated_E_hetero
feat_sae_20260828_080834_39cc_10068,curated_E_homog
feat_sae_20260828_080834_39cc_03740,curated_E_hetero
feat_sae_20260828_080834_39cc_15232,curated_E_hetero
feat_sae_20260828_080834_39cc_10708,curated_E_hetero
feat_sae_20260828_080834_39cc_18642,curated_E_hetero
feat_sae_20260828_080834_39cc_04382,curated_D_hetero
feat_sae_20260828_080834_39cc_17812,curated_E_hetero
feat_sae_20260828_080834_39cc_16134,curated_E_mid
feat_sae_20260828_080834_39cc_00719,curated_E_hetero
feat_sae_20260828_080834_39cc_08208,curated_E_hetero
feat_sae_20260828_080834_39cc_03233,curated_E_hetero
feat_sae_20260828_080834_39cc_01035,curated_D_hetero
feat_sae_20260828_080834_39cc_04368,curated_E_hetero
feat_sae_20260828_080834_39cc_21933,curated_D_hetero
feat_sae_20260828_080834_39cc_11442,curated_E_hetero
feat_sae_20260828_080834_39cc_01399,curated_E_hetero
feat_sae_20260828_080834_39cc_11074,curated_E_homog
feat_sae_20260828_080834_39cc_11377,curated_D_homog
feat_sae_20260828_080834_39cc_14040,curated_E_hetero
feat_sae_20260828_080834_39cc_14031,curated_E_mid
feat_sae_20260828_080834_39cc_08266,curated_E_hetero
feat_sae_20260828_080834_39cc_22502,curated_D_hetero
feat_sae_20260828_080834_39cc_02763,curated_E_hetero
feat_sae_20260828_080834_39cc_03110,curated_E_hetero
feat_sae_20260828_080834_39cc_10279,curated_E_hetero
feat_sae_20260828_080834_39cc_20000,curated_E_hetero
feat_sae_20260828_080834_39cc_18266,curated_E_hetero
feat_sae_20260828_080834_39cc_28120,curated_E_hetero
feat_sae_20260828_080834_39cc_09818,curated_E_hetero
feat_sae_20260828_080834_39cc_26459,curated_D_hetero
feat_sae_20260828_080834_39cc_27560,curated_D_hetero
feat_sae_20260828_080834_39cc_25278,curated_E_mid
feat_sae_20260828_080834_39cc_21557,curated_E_mid
feat_sae_20260828_080834_39cc_14741,curated_E_hetero
feat_sae_20260828_080834_39cc_00762,curated_E_hetero
feat_sae_20260828_080834_39cc_27032,curated_E_mid
feat_sae_20260828_080834_39cc_28440,curated_E_hetero
feat_sae_20260828_080834_39cc_19129,curated_E_hetero
feat_sae_20260828_080834_39cc_29644,curated_E_hetero
feat_sae_20260828_080834_39cc_14664,curated_E_hetero
feat_sae_20260828_080834_39cc_22074,curated_E_hetero
feat_sae_20260828_080834_39cc_02129,curated_E_hetero
feat_sae_20260828_080834_39cc_26209,curated_D_hetero
feat_sae_20260828_080834_39cc_15902,curated_E_hetero
feat_sae_20260828_080834_39cc_00133,curated_D_mid
feat_sae_20260828_080834_39cc_10073,curated_E_hetero
feat_sae_20260828_080834_39cc_22392,curated_E_hetero
feat_sae_20260828_080834_39cc_00465,curated_E_hetero
feat_sae_20260828_080834_39cc_05202,curated_D_mid
feat_sae_20260828_080834_39cc_12445,curated_E_mid
feat_sae_20260828_080834_39cc_21774,curated_E_hetero
feat_sae_20260828_080834_39cc_15791,curated_E_hetero
feat_sae_20260828_080834_39cc_14255,curated_E_hetero
feat_sae_20260828_080834_39cc_04617,curated_E_hetero
feat_sae_20260828_080834_39cc_02259,curated_E_mid
feat_sae_20260828_080834_39cc_13788,curated_E_hetero
feat_sae_20260828_080834_39cc_00685,curated_E_hetero
feat_sae_20260828_080834_39cc_29810,curated_D_hetero
feat_sae_20260828_080834_39cc_26417,curated_E_hetero
feat_sae_20260828_080834_39cc_24718,curated_E_mid
feat_sae_20260828_080834_39cc_28556,curated_E_hetero
feat_sae_20260828_080834_39cc_00269,curated_E_hetero
feat_sae_20260828_080834_39cc_15540,curated_E_homog
feat_sae_20260828_080834_39cc_24261,curated_D_hetero
feat_sae_20260828_080834_39cc_13880,curated_E_hetero
feat_sae_20260828_080834_39cc_09939,curated_E_hetero
feat_sae_20260828_080834_39cc_17378,curated_E_hetero
feat_sae_20260828_080834_39cc_13176,curated_E_hetero
feat_sae_20260828_080834_39cc_22611,curated_E_mid
feat_sae_20260828_080834_39cc_29538,curated_E_hetero
feat_sae_20260828_080834_39cc_00154,curated_E_hetero
feat_sae_20260828_080834_39cc_28917,curated_E_hetero
feat_sae_20260828_080834_39cc_01971,curated_E_hetero
feat_sae_20260828_080834_39cc_00439,curated_E_hetero
feat_sae_20260828_080834_39cc_27928,curated_E_mid
feat_sae_20260828_080834_39cc_22755,curated_E_hetero
feat_sae_20260828_080834_39cc_25239,curated_E_homog
feat_sae_20260828_080834_39cc_18317,curated_E_hetero
feat_sae_20260828_080834_39cc_02853,reference
feat_sae_20260828_080834_39cc_01191,curated_E_mid
feat_sae_20260828_080834_39cc_12516,curated_E_mid
feat_sae_20260828_080834_39cc_25727,census_C
feat_sae_20260828_080834_39cc_25720,curated_E_hetero
feat_sae_20260828_080834_39cc_09797,curated_E_hetero
feat_sae_20260828_080834_39cc_25770,curated_E_hetero
feat_sae_20260828_080834_39cc_21026,curated_E_hetero
feat_sae_20260828_080834_39cc_21375,curated_D_hetero
feat_sae_20260828_080834_39cc_16163,reference
feat_sae_20260828_080834_39cc_28529,curated_E_hetero
feat_sae_20260828_080834_39cc_07897,curated_E_hetero
feat_sae_20260828_080834_39cc_15319,curated_D_hetero
feat_sae_20260828_080834_39cc_29672,curated_D_hetero
feat_sae_20260828_080834_39cc_29852,curated_E_hetero
feat_sae_20260828_080834_39cc_28362,curated_E_hetero
feat_sae_20260828_080834_39cc_15741,curated_E_hetero
feat_sae_20260828_080834_39cc_16500,curated_D_hetero
feat_sae_20260828_080834_39cc_20309,curated_E_hetero
feat_sae_20260828_080834_39cc_10415,curated_E_homog
feat_sae_20260828_080834_39cc_08936,curated_E_hetero
feat_sae_20260828_080834_39cc_02953,curated_E_homog
feat_sae_20260828_080834_39cc_00070,curated_D_hetero
feat_sae_20260828_080834_39cc_25849,curated_E_mid
feat_sae_20260828_080834_39cc_13371,curated_E_hetero
feat_sae_20260828_080834_39cc_27062,curated_E_hetero
feat_sae_20260828_080834_39cc_14785,curated_E_hetero
feat_sae_20260828_080834_39cc_21887,curated_E_hetero
feat_sae_20260828_080834_39cc_27969,curated_E_homog
feat_sae_20260828_080834_39cc_18450,curated_E_hetero
feat_sae_20260828_080834_39cc_07881,curated_E_hetero
feat_sae_20260828_080834_39cc_13517,curated_E_hetero
feat_sae_20260828_080834_39cc_30481,curated_E_homog
feat_sae_20260828_080834_39cc_02728,curated_E_hetero
feat_sae_20260828_080834_39cc_05739,curated_E_hetero
feat_sae_20260828_080834_39cc_08785,curated_E_mid
feat_sae_20260828_080834_39cc_15957,curated_E_hetero
feat_sae_20260828_080834_39cc_12333,curated_E_hetero
feat_sae_20260828_080834_39cc_30473,curated_E_hetero
feat_sae_20260828_080834_39cc_15923,curated_E_hetero
feat_sae_20260828_080834_39cc_28782,curated_E_hetero
feat_sae_20260828_080834_39cc_23463,curated_E_hetero
feat_sae_20260828_080834_39cc_22638,curated_E_hetero
feat_sae_20260828_080834_39cc_22507,curated_D_hetero
feat_sae_20260828_080834_39cc_10325,curated_E_hetero
feat_sae_20260828_080834_39cc_19428,curated_E_hetero
feat_sae_20260828_080834_39cc_00930,curated_E_hetero
feat_sae_20260828_080834_39cc_27690,curated_E_hetero
feat_sae_20260828_080834_39cc_28962,curated_E_hetero
feat_sae_20260828_080834_39cc_18699,curated_E_hetero
feat_sae_20260828_080834_39cc_07774,curated_D_hetero
feat_sae_20260828_080834_39cc_02066,curated_E_hetero
feat_sae_20260828_080834_39cc_19371,curated_E_hetero
feat_sae_20260828_080834_39cc_27626,curated_E_hetero
feat_sae_20260828_080834_39cc_00199,curated_E_hetero
feat_sae_20260828_080834_39cc_10347,curated_E_hetero
feat_sae_20260828_080834_39cc_17327,curated_E_mid
feat_sae_20260828_080834_39cc_01245,curated_E_hetero
feat_sae_20260828_080834_39cc_11426,curated_E_hetero
feat_sae_20260828_080834_39cc_18529,curated_E_hetero
feat_sae_20260828_080834_39cc_15052,curated_E_hetero
feat_sae_20260828_080834_39cc_29049,curated_D_hetero
feat_sae_20260828_080834_39cc_06657,curated_E_hetero
feat_sae_20260828_080834_39cc_27612,curated_E_hetero
feat_sae_20260828_080834_39cc_19281,curated_E_hetero
feat_sae_20260828_080834_39cc_24684,curated_E_homog
feat_sae_20260828_080834_39cc_26908,curated_E_hetero
feat_sae_20260828_080834_39cc_01413,curated_E_hetero
feat_sae_20260828_080834_39cc_07779,reference
feat_sae_20260828_080834_39cc_07702,curated_E_homog
feat_sae_20260828_080834_39cc_10315,curated_E_homog
feat_sae_20260828_080834_39cc_09166,curated_E_mid
feat_sae_20260828_080834_39cc_00723,curated_E_hetero
feat_sae_20260828_080834_39cc_02002,curated_E_hetero
feat_sae_20260828_080834_39cc_09594,curated_D_hetero
feat_sae_20260828_080834_39cc_23587,curated_E_hetero
feat_sae_20260828_080834_39cc_10578,curated_E_hetero
feat_sae_20260828_080834_39cc_29949,curated_D_mid
feat_sae_20260828_080834_39cc_14456,curated_E_hetero
feat_sae_20260828_080834_39cc_05187,curated_E_hetero
feat_sae_20260828_080834_39cc_16960,curated_E_hetero
feat_sae_20260828_080834_39cc_16024,curated_D_hetero
feat_sae_20260828_080834_39cc_28302,curated_E_hetero
feat_sae_20260828_080834_39cc_26050,curated_E_hetero
feat_sae_20260828_080834_39cc_01015,curated_E_hetero
feat_sae_20260828_080834_39cc_16984,curated_D_hetero
feat_sae_20260828_080834_39cc_12448,curated_E_hetero
feat_sae_20260828_080834_39cc_11211,curated_E_hetero
feat_sae_20260828_080834_39cc_15807,curated_E_hetero
feat_sae_20260828_080834_39cc_20547,curated_E_hetero
feat_sae_20260828_080834_39cc_12198,curated_E_homog
feat_sae_20260828_080834_39cc_16366,curated_E_hetero
feat_sae_20260828_080834_39cc_22413,curated_E_hetero
feat_sae_20260828_080834_39cc_00441,curated_E_hetero
feat_sae_20260828_080834_39cc_29626,curated_E_hetero
feat_sae_20260828_080834_39cc_13593,curated_E_hetero
feat_sae_20260828_080834_39cc_20004,curated_E_homog
feat_sae_20260828_080834_39cc_04890,curated_E_hetero
feat_sae_20260828_080834_39cc_15365,curated_E_mid
feat_sae_20260828_080834_39cc_23214,curated_E_mid
feat_sae_20260828_080834_39cc_18512,curated_E_hetero
feat_sae_20260828_080834_39cc_06724,curated_E_homog
feat_sae_20260828_080834_39cc_02529,curated_E_homog
feat_sae_20260828_080834_39cc_17913,curated_D_hetero
feat_sae_20260828_080834_39cc_03205,curated_E_hetero
feat_sae_20260828_080834_39cc_23112,reference
feat_sae_20260828_080834_39cc_18979,curated_E_hetero
feat_sae_20260828_080834_39cc_27037,curated_E_hetero
feat_sae_20260828_080834_39cc_03057,curated_E_hetero
feat_sae_20260828_080834_39cc_09010,curated_E_homog
feat_sae_20260828_080834_39cc_19813,curated_E_hetero
feat_sae_20260828_080834_39cc_25824,curated_E_hetero
feat_sae_20260828_080834_39cc_07788,curated_E_hetero
feat_sae_20260828_080834_39cc_09285,curated_E_mid
feat_sae_20260828_080834_39cc_00850,curated_E_mid
feat_sae_20260828_080834_39cc_01588,curated_E_hetero
feat_sae_20260828_080834_39cc_11878,curated_E_hetero
feat_sae_20260828_080834_39cc_12901,curated_E_homog
feat_sae_20260828_080834_39cc_22133,curated_E_hetero
feat_sae_20260828_080834_39cc_21721,curated_E_hetero
feat_sae_20260828_080834_39cc_19993,curated_E_hetero
feat_sae_20260828_080834_39cc_26094,curated_E_hetero
feat_sae_20260828_080834_39cc_10439,curated_E_hetero
feat_sae_20260828_080834_39cc_10160,curated_D_hetero
feat_sae_20260828_080834_39cc_11540,curated_E_homog
feat_sae_20260828_080834_39cc_30175,curated_D_hetero
feat_sae_20260828_080834_39cc_00555,curated_E_homog
feat_sae_20260828_080834_39cc_10996,curated_E_homog
feat_sae_20260828_080834_39cc_09104,curated_E_homog
feat_sae_20260828_080834_39cc_29045,curated_E_mid
feat_sae_20260828_080834_39cc_15717,curated_E_homog
feat_sae_20260828_080834_39cc_28895,curated_D_hetero
feat_sae_20260828_080834_39cc_12772,curated_D_hetero
feat_sae_20260828_080834_39cc_29800,curated_E_homog
feat_sae_20260828_080834_39cc_16640,curated_E_mid
feat_sae_20260828_080834_39cc_13909,curated_D_hetero
feat_sae_20260828_080834_39cc_21696,curated_E_homog
feat_sae_20260828_080834_39cc_21537,curated_E_mid
feat_sae_20260828_080834_39cc_29969,curated_E_homog
feat_sae_20260828_080834_39cc_26420,curated_D_hetero
feat_sae_20260828_080834_39cc_05945,curated_E_homog
feat_sae_20260828_080834_39cc_27171,curated_D_hetero
feat_sae_20260828_080834_39cc_07700,curated_D_hetero
feat_sae_20260828_080834_39cc_28206,curated_E_homog
feat_sae_20260828_080834_39cc_25416,curated_D_hetero
feat_sae_20260828_080834_39cc_17349,curated_D_hetero
feat_sae_20260828_080834_39cc_02326,curated_E_homog
feat_sae_20260828_080834_39cc_19932,curated_D_mid
feat_sae_20260828_080834_39cc_05604,curated_E_mid
feat_sae_20260828_080834_39cc_27971,curated_E_homog
feat_sae_20260828_080834_39cc_20658,curated_E_homog
feat_sae_20260828_080834_39cc_26925,curated_D_hetero
feat_sae_20260828_080834_39cc_10109,curated_D_hetero
feat_sae_20260828_080834_39cc_28990,reference
feat_sae_20260828_080834_39cc_25771,curated_E_mid
feat_sae_20260828_080834_39cc_15288,curated_E_homog
feat_sae_20260828_080834_39cc_12258,curated_E_mid
feat_sae_20260828_080834_39cc_16332,curated_E_mid
feat_sae_20260828_080834_39cc_22384,curated_E_mid
feat_sae_20260828_080834_39cc_26607,curated_D_hetero
feat_sae_20260828_080834_39cc_03533,curated_D_hetero
feat_sae_20260828_080834_39cc_26812,curated_E_mid
feat_sae_20260828_080834_39cc_24293,curated_D_hetero
feat_sae_20260828_080834_39cc_00548,curated_D_hetero
feat_sae_20260828_080834_39cc_02466,reference
feat_sae_20260828_080834_39cc_28800,curated_E_mid
feat_sae_20260828_080834_39cc_14146,curated_D_hetero
feat_sae_20260828_080834_39cc_01029,curated_D_mid
feat_sae_20260828_080834_39cc_18466,curated_D_hetero
feat_sae_20260828_080834_39cc_06338,curated_E_homog
feat_sae_20260828_080834_39cc_02318,curated_E_homog
feat_sae_20260828_080834_39cc_26003,curated_D_hetero
feat_sae_20260828_080834_39cc_17928,curated_D_hetero
feat_sae_20260828_080834_39cc_20592,curated_D_hetero
feat_sae_20260828_080834_39cc_15246,curated_E_homog
feat_sae_20260828_080834_39cc_02199,curated_D_hetero
feat_sae_20260828_080834_39cc_19025,curated_D_hetero
feat_sae_20260828_080834_39cc_25679,curated_E_mid
feat_sae_20260828_080834_39cc_22571,curated_E_homog
feat_sae_20260828_080834_39cc_26243,curated_E_mid
feat_sae_20260828_080834_39cc_15590,curated_E_mid
feat_sae_20260828_080834_39cc_04370,curated_D_mid
feat_sae_20260828_080834_39cc_17013,curated_E_mid
feat_sae_20260828_080834_39cc_11872,curated_D_hetero
feat_sae_20260828_080834_39cc_24852,curated_D_hetero
feat_sae_20260828_080834_39cc_21431,curated_D_hetero
feat_sae_20260828_080834_39cc_25825,curated_D_hetero
feat_sae_20260828_080834_39cc_17615,curated_E_homog
feat_sae_20260828_080834_39cc_26300,curated_E_homog
feat_sae_20260828_080834_39cc_28756,curated_E_homog
feat_sae_20260828_080834_39cc_01716,curated_D_hetero
feat_sae_20260828_080834_39cc_13082,curated_D_hetero
feat_sae_20260828_080834_39cc_21032,curated_E_homog
feat_sae_20260828_080834_39cc_01250,curated_E_homog
feat_sae_20260828_080834_39cc_13487,curated_D_hetero
feat_sae_20260828_080834_39cc_29629,curated_D_hetero
feat_sae_20260828_080834_39cc_01897,curated_E_mid
feat_sae_20260828_080834_39cc_14846,curated_D_homog
feat_sae_20260828_080834_39cc_23002,curated_E_homog
feat_sae_20260828_080834_39cc_22976,curated_D_mid
feat_sae_20260828_080834_39cc_10663,curated_E_mid
feat_sae_20260828_080834_39cc_18052,curated_E_mid
feat_sae_20260828_080834_39cc_05964,curated_E_homog
feat_sae_20260828_080834_39cc_14991,reference
feat_sae_20260828_080834_39cc_10134,curated_D_hetero
feat_sae_20260828_080834_39cc_23146,curated_E_homog
feat_sae_20260828_080834_39cc_24394,curated_E_mid
feat_sae_20260828_080834_39cc_15453,curated_E_homog
feat_sae_20260828_080834_39cc_22763,curated_E_homog
feat_sae_20260828_080834_39cc_19320,curated_E_homog
feat_sae_20260828_080834_39cc_24753,reference
feat_sae_20260828_080834_39cc_06257,curated_D_hetero
feat_sae_20260828_080834_39cc_17489,curated_E_mid
feat_sae_20260828_080834_39cc_00841,curated_E_mid
feat_sae_20260828_080834_39cc_30237,curated_E_homog
feat_sae_20260828_080834_39cc_27994,curated_E_homog
feat_sae_20260828_080834_39cc_19524,curated_D_hetero
feat_sae_20260828_080834_39cc_19254,curated_E_homog
feat_sae_20260828_080834_39cc_06939,curated_D_hetero
feat_sae_20260828_080834_39cc_24649,curated_D_hetero
feat_sae_20260828_080834_39cc_21136,curated_E_mid
feat_sae_20260828_080834_39cc_03022,curated_E_homog
feat_sae_20260828_080834_39cc_09077,curated_E_homog
feat_sae_20260828_080834_39cc_11244,curated_D_hetero
feat_sae_20260828_080834_39cc_19751,curated_D_mid
feat_sae_20260828_080834_39cc_25103,curated_E_mid
feat_sae_20260828_080834_39cc_10827,curated_D_hetero
feat_sae_20260828_080834_39cc_24924,curated_D_hetero
feat_sae_20260828_080834_39cc_27692,curated_E_mid
feat_sae_20260828_080834_39cc_04946,curated_E_mid
feat_sae_20260828_080834_39cc_07766,curated_D_hetero
feat_sae_20260828_080834_39cc_20473,curated_D_hetero
feat_sae_20260828_080834_39cc_10801,curated_D_hetero
feat_sae_20260828_080834_39cc_12237,curated_E_mid
feat_sae_20260828_080834_39cc_08223,curated_D_hetero
feat_sae_20260828_080834_39cc_19297,curated_D_hetero
feat_sae_20260828_080834_39cc_19976,curated_E_homog
feat_sae_20260828_080834_39cc_22341,curated_E_mid
feat_sae_20260828_080834_39cc_20609,curated_D_hetero
feat_sae_20260828_080834_39cc_04846,curated_E_mid
feat_sae_20260828_080834_39cc_30298,curated_D_hetero
feat_sae_20260828_080834_39cc_08995,curated_E_homog
feat_sae_20260828_080834_39cc_11037,curated_E_mid
feat_sae_20260828_080834_39cc_23260,curated_E_mid
feat_sae_20260828_080834_39cc_07284,curated_D_hetero
feat_sae_20260828_080834_39cc_08079,curated_E_mid
feat_sae_20260828_080834_39cc_25462,curated_D_hetero
feat_sae_20260828_080834_39cc_19628,curated_E_mid
feat_sae_20260828_080834_39cc_16699,curated_E_homog
feat_sae_20260828_080834_39cc_03353,curated_E_mid
feat_sae_20260828_080834_39cc_01532,curated_D_mid
feat_sae_20260828_080834_39cc_02246,curated_E_homog
feat_sae_20260828_080834_39cc_25025,curated_E_mid
feat_sae_20260828_080834_39cc_20454,curated_E_mid
feat_sae_20260828_080834_39cc_05751,curated_D_hetero
feat_sae_20260828_080834_39cc_04255,curated_D_hetero
feat_sae_20260828_080834_39cc_16817,curated_D_hetero
feat_sae_20260828_080834_39cc_09051,curated_E_homog
feat_sae_20260828_080834_39cc_28853,census_C
feat_sae_20260828_080834_39cc_26831,curated_D_hetero
feat_sae_20260828_080834_39cc_03925,curated_E_homog
feat_sae_20260828_080834_39cc_21547,curated_E_mid
feat_sae_20260828_080834_39cc_10204,curated_D_hetero
feat_sae_20260828_080834_39cc_18475,curated_E_homog
feat_sae_20260828_080834_39cc_10479,curated_E_mid
feat_sae_20260828_080834_39cc_19693,curated_E_mid
feat_sae_20260828_080834_39cc_02032,curated_D_hetero
feat_sae_20260828_080834_39cc_05088,curated_D_hetero
feat_sae_20260828_080834_39cc_23951,curated_D_hetero
feat_sae_20260828_080834_39cc_01919,curated_D_hetero
feat_sae_20260828_080834_39cc_24101,curated_E_mid
feat_sae_20260828_080834_39cc_19838,curated_E_homog
feat_sae_20260828_080834_39cc_17963,curated_D_homog
feat_sae_20260828_080834_39cc_08045,curated_D_hetero
feat_sae_20260828_080834_39cc_01235,curated_D_mid
feat_sae_20260828_080834_39cc_08018,curated_D_hetero
feat_sae_20260828_080834_39cc_06411,curated_D_hetero
feat_sae_20260828_080834_39cc_18829,curated_D_hetero
feat_sae_20260828_080834_39cc_04712,curated_D_hetero
feat_sae_20260828_080834_39cc_19362,curated_D_hetero
feat_sae_20260828_080834_39cc_12225,curated_D_hetero
feat_sae_20260828_080834_39cc_27126,curated_E_homog
feat_sae_20260828_080834_39cc_20550,curated_E_mid
feat_sae_20260828_080834_39cc_24034,curated_E_mid
feat_sae_20260828_080834_39cc_09547,curated_D_hetero
feat_sae_20260828_080834_39cc_13019,curated_E_mid
feat_sae_20260828_080834_39cc_19768,curated_D_hetero
feat_sae_20260828_080834_39cc_04193,curated_D_hetero
feat_sae_20260828_080834_39cc_08194,curated_D_hetero
feat_sae_20260828_080834_39cc_24670,curated_E_mid
feat_sae_20260828_080834_39cc_00413,reference
feat_sae_20260828_080834_39cc_11363,curated_D_hetero
feat_sae_20260828_080834_39cc_12572,curated_E_mid
feat_sae_20260828_080834_39cc_30374,curated_D_hetero
feat_sae_20260828_080834_39cc_13713,curated_D_hetero
feat_sae_20260828_080834_39cc_29430,curated_D_hetero
feat_sae_20260828_080834_39cc_13078,curated_D_hetero
feat_sae_20260828_080834_39cc_03927,curated_D_hetero
feat_sae_20260828_080834_39cc_14737,curated_E_mid
feat_sae_20260828_080834_39cc_17534,curated_E_mid
feat_sae_20260828_080834_39cc_09784,curated_D_hetero
feat_sae_20260828_080834_39cc_14108,curated_E_homog
feat_sae_20260828_080834_39cc_06750,curated_E_mid
feat_sae_20260828_080834_39cc_11740,curated_D_hetero
feat_sae_20260828_080834_39cc_07652,curated_E_mid
feat_sae_20260828_080834_39cc_26891,curated_D_hetero
feat_sae_20260828_080834_39cc_15854,curated_E_homog
feat_sae_20260828_080834_39cc_01205,curated_D_homog
feat_sae_20260828_080834_39cc_25908,curated_D_hetero
feat_sae_20260828_080834_39cc_28842,curated_D_hetero
feat_sae_20260828_080834_39cc_03359,curated_E_homog
feat_sae_20260828_080834_39cc_15521,reference
feat_sae_20260828_080834_39cc_18039,curated_E_mid
feat_sae_20260828_080834_39cc_17045,curated_D_hetero
feat_sae_20260828_080834_39cc_25757,curated_E_mid
feat_sae_20260828_080834_39cc_25838,curated_D_hetero
feat_sae_20260828_080834_39cc_28194,curated_D_hetero
feat_sae_20260828_080834_39cc_26372,curated_E_homog
feat_sae_20260828_080834_39cc_15448,curated_D_hetero
feat_sae_20260828_080834_39cc_16969,curated_E_mid
feat_sae_20260828_080834_39cc_22931,curated_E_mid
feat_sae_20260828_080834_39cc_06577,reference
feat_sae_20260828_080834_39cc_27795,curated_D_hetero
feat_sae_20260828_080834_39cc_27684,curated_E_mid
feat_sae_20260828_080834_39cc_28528,curated_D_hetero
feat_sae_20260828_080834_39cc_15588,curated_D_hetero
feat_sae_20260828_080834_39cc_19465,curated_D_hetero
feat_sae_20260828_080834_39cc_23665,curated_D_hetero
feat_sae_20260828_080834_39cc_29627,curated_D_hetero
feat_sae_20260828_080834_39cc_19061,curated_D_hetero
feat_sae_20260828_080834_39cc_26701,curated_E_homog
feat_sae_20260828_080834_39cc_28261,curated_D_hetero
feat_sae_20260828_080834_39cc_29841,curated_E_mid
feat_sae_20260828_080834_39cc_06451,curated_D_hetero
feat_sae_20260828_080834_39cc_10630,curated_D_hetero
feat_sae_20260828_080834_39cc_04699,census_C
feat_sae_20260828_080834_39cc_08870,curated_D_hetero
feat_sae_20260828_080834_39cc_19950,curated_D_hetero
feat_sae_20260828_080834_39cc_12636,curated_D_hetero
feat_sae_20260828_080834_39cc_14537,curated_D_hetero
feat_sae_20260828_080834_39cc_22072,curated_E_homog
feat_sae_20260828_080834_39cc_02281,curated_D_hetero
feat_sae_20260828_080834_39cc_19770,curated_D_hetero
feat_sae_20260828_080834_39cc_26647,curated_D_hetero
feat_sae_20260828_080834_39cc_28866,curated_E_mid
feat_sae_20260828_080834_39cc_05828,curated_D_hetero
feat_sae_20260828_080834_39cc_19772,curated_D_hetero
feat_sae_20260828_080834_39cc_20641,curated_D_hetero
feat_sae_20260828_080834_39cc_02323,curated_D_hetero
feat_sae_20260828_080834_39cc_19267,curated_D_hetero
feat_sae_20260828_080834_39cc_06391,curated_E_mid
feat_sae_20260828_080834_39cc_25384,curated_D_hetero
feat_sae_20260828_080834_39cc_25395,curated_D_hetero
feat_sae_20260828_080834_39cc_19495,curated_E_mid
feat_sae_20260828_080834_39cc_29446,curated_E_homog
feat_sae_20260828_080834_39cc_27054,curated_D_hetero
feat_sae_20260828_080834_39cc_04870,curated_D_hetero
feat_sae_20260828_080834_39cc_04757,curated_D_hetero
feat_sae_20260828_080834_39cc_24602,curated_D_hetero
feat_sae_20260828_080834_39cc_28262,curated_E_homog
feat_sae_20260828_080834_39cc_04953,curated_E_mid
feat_sae_20260828_080834_39cc_26596,curated_D_hetero
feat_sae_20260828_080834_39cc_05590,curated_E_mid
feat_sae_20260828_080834_39cc_28871,curated_E_homog
feat_sae_20260828_080834_39cc_21345,curated_E_mid
feat_sae_20260828_080834_39cc_09258,curated_E_mid
feat_sae_20260828_080834_39cc_13626,curated_D_mid
feat_sae_20260828_080834_39cc_00032,curated_D_hetero
feat_sae_20260828_080834_39cc_09209,curated_E_mid
feat_sae_20260828_080834_39cc_00372,curated_E_mid
feat_sae_20260828_080834_39cc_22134,curated_D_hetero
feat_sae_20260828_080834_39cc_28588,reference
feat_sae_20260828_080834_39cc_22747,curated_E_homog
feat_sae_20260828_080834_39cc_11632,curated_D_hetero
feat_sae_20260828_080834_39cc_15391,curated_D_hetero
feat_sae_20260828_080834_39cc_20654,curated_E_homog
feat_sae_20260828_080834_39cc_02485,curated_D_hetero
feat_sae_20260828_080834_39cc_16393,curated_D_hetero
feat_sae_20260828_080834_39cc_00412,curated_E_mid
feat_sae_20260828_080834_39cc_11590,curated_E_mid
feat_sae_20260828_080834_39cc_27377,curated_D_hetero
feat_sae_20260828_080834_39cc_29434,curated_E_mid
feat_sae_20260828_080834_39cc_13816,curated_D_hetero
feat_sae_20260828_080834_39cc_14995,curated_E_homog
feat_sae_20260828_080834_39cc_25762,reference
feat_sae_20260828_080834_39cc_24766,curated_D_hetero
feat_sae_20260828_080834_39cc_05865,curated_E_mid
feat_sae_20260828_080834_39cc_19852,curated_D_hetero
feat_sae_20260828_080834_39cc_08088,curated_D_hetero
feat_sae_20260828_080834_39cc_15684,curated_D_hetero
feat_sae_20260828_080834_39cc_07468,curated_E_mid
feat_sae_20260828_080834_39cc_26375,curated_E_homog
feat_sae_20260828_080834_39cc_30524,curated_E_homog
feat_sae_20260828_080834_39cc_27076,curated_D_hetero
feat_sae_20260828_080834_39cc_11802,reference
feat_sae_20260828_080834_39cc_23588,curated_D_hetero
feat_sae_20260828_080834_39cc_12162,curated_E_homog
feat_sae_20260828_080834_39cc_18877,curated_E_homog
feat_sae_20260828_080834_39cc_00350,curated_E_mid
feat_sae_20260828_080834_39cc_10419,curated_E_homog
feat_sae_20260828_080834_39cc_08508,curated_E_mid
feat_sae_20260828_080834_39cc_11784,curated_E_mid
feat_sae_20260828_080834_39cc_21357,curated_E_homog
feat_sae_20260828_080834_39cc_08180,curated_D_hetero
feat_sae_20260828_080834_39cc_04670,census_C
feat_sae_20260828_080834_39cc_14624,curated_D_hetero
feat_sae_20260828_080834_39cc_06947,curated_E_mid
feat_sae_20260828_080834_39cc_17080,curated_E_homog
feat_sae_20260828_080834_39cc_19647,curated_E_homog
feat_sae_20260828_080834_39cc_28402,curated_D_hetero
feat_sae_20260828_080834_39cc_00926,curated_E_mid
feat_sae_20260828_080834_39cc_26967,curated_D_hetero
feat_sae_20260828_080834_39cc_22634,curated_D_hetero
feat_sae_20260828_080834_39cc_22012,curated_E_mid
feat_sae_20260828_080834_39cc_01869,curated_D_hetero
feat_sae_20260828_080834_39cc_20943,curated_E_mid
feat_sae_20260828_080834_39cc_29641,curated_E_homog
feat_sae_20260828_080834_39cc_01342,curated_E_homog
feat_sae_20260828_080834_39cc_14122,curated_E_homog
feat_sae_20260828_080834_39cc_12428,curated_D_hetero
feat_sae_20260828_080834_39cc_14167,curated_E_mid
feat_sae_20260828_080834_39cc_19962,curated_D_hetero
feat_sae_20260828_080834_39cc_21909,curated_D_hetero
feat_sae_20260828_080834_39cc_26620,curated_D_hetero
feat_sae_20260828_080834_39cc_14605,curated_E_homog
feat_sae_20260828_080834_39cc_20290,curated_E_mid
feat_sae_20260828_080834_39cc_28329,curated_D_hetero
feat_sae_20260828_080834_39cc_10560,curated_E_mid
feat_sae_20260828_080834_39cc_00621,curated_E_homog
feat_sae_20260828_080834_39cc_16861,curated_D_hetero
feat_sae_20260828_080834_39cc_08252,curated_D_hetero
feat_sae_20260828_080834_39cc_05797,curated_D_hetero
feat_sae_20260828_080834_39cc_15095,curated_E_homog
feat_sae_20260828_080834_39cc_01899,curated_D_hetero
feat_sae_20260828_080834_39cc_11722,reference
feat_sae_20260828_080834_39cc_22374,curated_D_hetero
feat_sae_20260828_080834_39cc_05275,curated_E_homog
feat_sae_20260828_080834_39cc_14092,curated_D_hetero
feat_sae_20260828_080834_39cc_04643,curated_D_homog
feat_sae_20260828_080834_39cc_27148,curated_D_hetero
feat_sae_20260828_080834_39cc_11045,curated_D_hetero
feat_sae_20260828_080834_39cc_21426,curated_D_hetero
feat_sae_20260828_080834_39cc_20772,curated_D_hetero
feat_sae_20260828_080834_39cc_09538,curated_D_hetero
feat_sae_20260828_080834_39cc_11945,curated_D_hetero
feat_sae_20260828_080834_39cc_15844,curated_E_homog
feat_sae_20260828_080834_39cc_09849,curated_E_mid
feat_sae_20260828_080834_39cc_23156,curated_D_hetero
feat_sae_20260828_080834_39cc_08767,curated_E_homog
feat_sae_20260828_080834_39cc_23142,curated_D_hetero
feat_sae_20260828_080834_39cc_00348,curated_D_hetero
feat_sae_20260828_080834_39cc_06270,curated_D_hetero
feat_sae_20260828_080834_39cc_20515,curated_E_mid
feat_sae_20260828_080834_39cc_07077,reference
feat_sae_20260828_080834_39cc_03356,curated_E_mid
feat_sae_20260828_080834_39cc_01083,curated_D_hetero
feat_sae_20260828_080834_39cc_26521,curated_D_hetero
feat_sae_20260828_080834_39cc_18113,curated_D_homog
feat_sae_20260828_080834_39cc_00736,curated_D_hetero
feat_sae_20260828_080834_39cc_29660,curated_E_homog
feat_sae_20260828_080834_39cc_26264,curated_E_mid
feat_sae_20260828_080834_39cc_07390,curated_E_mid
feat_sae_20260828_080834_39cc_26224,curated_D_hetero
feat_sae_20260828_080834_39cc_27604,curated_E_mid
feat_sae_20260828_080834_39cc_02101,curated_D_hetero
feat_sae_20260828_080834_39cc_18315,curated_E_homog
feat_sae_20260828_080834_39cc_27778,curated_E_homog
feat_sae_20260828_080834_39cc_05694,curated_D_hetero
feat_sae_20260828_080834_39cc_02907,curated_D_hetero
feat_sae_20260828_080834_39cc_22064,curated_E_mid
feat_sae_20260828_080834_39cc_27201,reference
feat_sae_20260828_080834_39cc_10702,curated_E_mid
feat_sae_20260828_080834_39cc_03702,curated_D_hetero
feat_sae_20260828_080834_39cc_19706,curated_D_hetero
feat_sae_20260828_080834_39cc_29792,curated_E_homog
feat_sae_20260828_080834_39cc_20601,curated_E_homog
feat_sae_20260828_080834_39cc_29396,curated_E_mid
feat_sae_20260828_080834_39cc_03706,curated_D_hetero
feat_sae_20260828_080834_39cc_03549,curated_D_hetero
feat_sae_20260828_080834_39cc_22193,curated_D_homog
feat_sae_20260828_080834_39cc_27732,curated_E_homog
feat_sae_20260828_080834_39cc_07630,curated_D_hetero
feat_sae_20260828_080834_39cc_04728,curated_E_homog
feat_sae_20260828_080834_39cc_18358,curated_D_hetero
feat_sae_20260828_080834_39cc_29725,curated_E_mid
feat_sae_20260828_080834_39cc_17652,curated_E_mid
feat_sae_20260828_080834_39cc_07145,curated_D_hetero
feat_sae_20260828_080834_39cc_29401,curated_D_hetero
feat_sae_20260828_080834_39cc_12272,curated_E_homog
feat_sae_20260828_080834_39cc_18847,curated_E_mid
feat_sae_20260828_080834_39cc_11518,curated_E_homog
feat_sae_20260828_080834_39cc_14986,curated_D_hetero
feat_sae_20260828_080834_39cc_05094,curated_E_mid
feat_sae_20260828_080834_39cc_29981,curated_E_mid
feat_sae_20260828_080834_39cc_30676,curated_E_homog
feat_sae_20260828_080834_39cc_09591,curated_D_hetero
feat_sae_20260828_080834_39cc_18972,curated_E_homog
feat_sae_20260828_080834_39cc_22501,curated_D_hetero
feat_sae_20260828_080834_39cc_03104,curated_D_hetero
feat_sae_20260828_080834_39cc_08980,curated_E_mid
feat_sae_20260828_080834_39cc_02234,curated_E_mid
feat_sae_20260828_080834_39cc_23271,curated_D_hetero
feat_sae_20260828_080834_39cc_18120,curated_E_homog
feat_sae_20260828_080834_39cc_08840,curated_D_hetero
feat_sae_20260828_080834_39cc_06917,curated_E_mid
feat_sae_20260828_080834_39cc_02211,curated_D_hetero
feat_sae_20260828_080834_39cc_09033,curated_D_hetero
feat_sae_20260828_080834_39cc_09507,curated_E_homog
feat_sae_20260828_080834_39cc_23488,curated_D_hetero
feat_sae_20260828_080834_39cc_21481,curated_E_homog
feat_sae_20260828_080834_39cc_24292,curated_D_hetero
feat_sae_20260828_080834_39cc_13190,curated_E_mid
feat_sae_20260828_080834_39cc_05188,curated_E_homog
feat_sae_20260828_080834_39cc_21419,curated_D_hetero
feat_sae_20260828_080834_39cc_27601,curated_D_hetero
feat_sae_20260828_080834_39cc_23021,curated_E_homog
feat_sae_20260828_080834_39cc_02866,curated_D_hetero
feat_sae_20260828_080834_39cc_04985,curated_D_hetero
feat_sae_20260828_080834_39cc_02479,curated_D_hetero
feat_sae_20260828_080834_39cc_01732,curated_E_mid
feat_sae_20260828_080834_39cc_18994,curated_D_hetero
feat_sae_20260828_080834_39cc_26543,curated_E_mid
feat_sae_20260828_080834_39cc_26024,curated_D_homog
feat_sae_20260828_080834_39cc_06637,reference
feat_sae_20260828_080834_39cc_29337,curated_E_homog
feat_sae_20260828_080834_39cc_19419,curated_E_mid
feat_sae_20260828_080834_39cc_13385,reference
feat_sae_20260828_080834_39cc_08603,curated_D_hetero
feat_sae_20260828_080834_39cc_27059,curated_D_hetero
feat_sae_20260828_080834_39cc_01490,curated_E_homog
feat_sae_20260828_080834_39cc_13177,curated_D_hetero
feat_sae_20260828_080834_39cc_11493,curated_E_homog
feat_sae_20260828_080834_39cc_15164,curated_E_homog
feat_sae_20260828_080834_39cc_22963,curated_D_hetero
feat_sae_20260828_080834_39cc_23405,curated_E_mid
feat_sae_20260828_080834_39cc_16420,curated_E_mid
feat_sae_20260828_080834_39cc_02565,curated_D_hetero
feat_sae_20260828_080834_39cc_27482,curated_D_hetero
feat_sae_20260828_080834_39cc_03378,curated_E_homog
feat_sae_20260828_080834_39cc_22029,curated_D_mid
feat_sae_20260828_080834_39cc_01991,curated_D_hetero
feat_sae_20260828_080834_39cc_18437,curated_D_hetero
feat_sae_20260828_080834_39cc_00053,curated_D_hetero
feat_sae_20260828_080834_39cc_17623,curated_E_mid
feat_sae_20260828_080834_39cc_25244,curated_D_hetero
feat_sae_20260828_080834_39cc_05315,curated_D_hetero
feat_sae_20260828_080834_39cc_10718,curated_D_hetero
feat_sae_20260828_080834_39cc_22754,curated_E_mid
feat_sae_20260828_080834_39cc_30378,curated_E_homog
feat_sae_20260828_080834_39cc_09052,curated_D_hetero
feat_sae_20260828_080834_39cc_02522,curated_E_mid
feat_sae_20260828_080834_39cc_07277,curated_D_hetero
feat_sae_20260828_080834_39cc_29967,curated_D_hetero
feat_sae_20260828_080834_39cc_04058,curated_E_mid
feat_sae_20260828_080834_39cc_28802,curated_E_homog
feat_sae_20260828_080834_39cc_06035,curated_D_hetero
feat_sae_20260828_080834_39cc_14269,reference
feat_sae_20260828_080834_39cc_03441,curated_D_hetero
feat_sae_20260828_080834_39cc_04160,curated_E_homog
feat_sae_20260828_080834_39cc_10539,curated_D_hetero
feat_sae_20260828_080834_39cc_27380,curated_D_hetero
feat_sae_20260828_080834_39cc_00071,curated_E_homog
feat_sae_20260828_080834_39cc_15748,curated_D_hetero
feat_sae_20260828_080834_39cc_18151,curated_E_mid
feat_sae_20260828_080834_39cc_02395,curated_D_hetero
feat_sae_20260828_080834_39cc_13318,curated_E_homog
feat_sae_20260828_080834_39cc_09168,curated_E_homog
feat_sae_20260828_080834_39cc_05854,curated_E_mid
feat_sae_20260828_080834_39cc_06853,curated_E_homog
feat_sae_20260828_080834_39cc_02936,curated_D_hetero
feat_sae_20260828_080834_39cc_07732,curated_E_homog
feat_sae_20260828_080834_39cc_12857,curated_D_hetero
feat_sae_20260828_080834_39cc_05728,curated_E_mid
feat_sae_20260828_080834_39cc_24226,curated_D_hetero
feat_sae_20260828_080834_39cc_28851,curated_D_hetero
feat_sae_20260828_080834_39cc_15034,curated_D_hetero
feat_sae_20260828_080834_39cc_14035,curated_D_hetero
feat_sae_20260828_080834_39cc_23996,curated_E_homog
feat_sae_20260828_080834_39cc_25474,curated_D_mid
feat_sae_20260828_080834_39cc_23416,curated_E_mid
feat_sae_20260828_080834_39cc_22850,curated_E_homog
feat_sae_20260828_080834_39cc_00196,curated_E_homog
feat_sae_20260828_080834_39cc_04884,curated_E_homog
feat_sae_20260828_080834_39cc_03522,curated_E_mid
feat_sae_20260828_080834_39cc_30615,curated_E_mid
feat_sae_20260828_080834_39cc_18112,curated_D_hetero
feat_sae_20260828_080834_39cc_20897,curated_D_hetero
feat_sae_20260828_080834_39cc_20331,reference
feat_sae_20260828_080834_39cc_15970,curated_D_hetero
feat_sae_20260828_080834_39cc_13061,curated_D_hetero
feat_sae_20260828_080834_39cc_05142,curated_E_homog
feat_sae_20260828_080834_39cc_13198,curated_E_homog
feat_sae_20260828_080834_39cc_00895,curated_D_hetero
feat_sae_20260828_080834_39cc_22153,curated_D_hetero
feat_sae_20260828_080834_39cc_07531,curated_E_homog
feat_sae_20260828_080834_39cc_13832,curated_E_mid
feat_sae_20260828_080834_39cc_06909,curated_D_hetero
feat_sae_20260828_080834_39cc_08405,curated_E_homog
feat_sae_20260828_080834_39cc_01236,curated_D_hetero
feat_sae_20260828_080834_39cc_00307,curated_D_hetero
feat_sae_20260828_080834_39cc_16392,curated_E_mid
feat_sae_20260828_080834_39cc_29243,curated_D_hetero
feat_sae_20260828_080834_39cc_28022,curated_D_hetero
feat_sae_20260828_080834_39cc_04505,reference
feat_sae_20260828_080834_39cc_25279,curated_E_homog
feat_sae_20260828_080834_39cc_08753,curated_E_homog
feat_sae_20260828_080834_39cc_06830,curated_E_homog
feat_sae_20260828_080834_39cc_16345,curated_E_mid
feat_sae_20260828_080834_39cc_19878,curated_D_hetero
feat_sae_20260828_080834_39cc_30208,curated_E_mid
feat_sae_20260828_080834_39cc_08790,curated_E_mid
feat_sae_20260828_080834_39cc_01818,curated_D_hetero
feat_sae_20260828_080834_39cc_21717,curated_D_hetero
feat_sae_20260828_080834_39cc_05679,census_C
feat_sae_20260828_080834_39cc_18790,curated_E_homog
feat_sae_20260828_080834_39cc_27241,curated_D_hetero
feat_sae_20260828_080834_39cc_00876,curated_E_homog
feat_sae_20260828_080834_39cc_07163,curated_D_hetero
feat_sae_20260828_080834_39cc_19344,curated_D_hetero
feat_sae_20260828_080834_39cc_24633,curated_D_mid
feat_sae_20260828_080834_39cc_01505,curated_D_hetero
feat_sae_20260828_080834_39cc_11124,curated_E_mid
feat_sae_20260828_080834_39cc_19522,curated_E_mid
feat_sae_20260828_080834_39cc_26597,curated_D_hetero
feat_sae_20260828_080834_39cc_05837,curated_E_homog
feat_sae_20260828_080834_39cc_19299,curated_D_hetero
feat_sae_20260828_080834_39cc_00106,curated_E_homog
feat_sae_20260828_080834_39cc_03545,curated_E_homog
feat_sae_20260828_080834_39cc_12378,curated_E_mid
feat_sae_20260828_080834_39cc_11140,reference
feat_sae_20260828_080834_39cc_23534,curated_D_hetero
feat_sae_20260828_080834_39cc_21627,curated_D_hetero
feat_sae_20260828_080834_39cc_25705,curated_E_mid
feat_sae_20260828_080834_39cc_26196,curated_E_mid
feat_sae_20260828_080834_39cc_17555,curated_E_homog
feat_sae_20260828_080834_39cc_03049,curated_D_hetero
feat_sae_20260828_080834_39cc_15380,reference
feat_sae_20260828_080834_39cc_18002,curated_E_homog
feat_sae_20260828_080834_39cc_20523,curated_E_mid
feat_sae_20260828_080834_39cc_05455,curated_D_hetero
feat_sae_20260828_080834_39cc_29089,curated_D_hetero
feat_sae_20260828_080834_39cc_06018,curated_D_hetero
feat_sae_20260828_080834_39cc_27537,curated_E_homog
feat_sae_20260828_080834_39cc_28196,curated_E_mid
feat_sae_20260828_080834_39cc_26640,curated_E_mid
feat_sae_20260828_080834_39cc_00240,curated_D_hetero
feat_sae_20260828_080834_39cc_04987,curated_D_hetero
feat_sae_20260828_080834_39cc_15975,curated_D_hetero
feat_sae_20260828_080834_39cc_15527,curated_E_mid
feat_sae_20260828_080834_39cc_10714,curated_E_homog
feat_sae_20260828_080834_39cc_18745,curated_E_homog
feat_sae_20260828_080834_39cc_29009,curated_D_hetero
feat_sae_20260828_080834_39cc_16339,curated_E_mid
feat_sae_20260828_080834_39cc_21655,curated_D_hetero
feat_sae_20260828_080834_39cc_20590,curated_D_hetero
feat_sae_20260828_080834_39cc_11977,curated_E_mid
feat_sae_20260828_080834_39cc_24997,curated_E_homog
feat_sae_20260828_080834_39cc_09282,curated_D_hetero
feat_sae_20260828_080834_39cc_25876,curated_D_hetero
feat_sae_20260828_080834_39cc_08093,curated_D_hetero
feat_sae_20260828_080834_39cc_08637,curated_E_mid
feat_sae_20260828_080834_39cc_21352,curated_E_mid
feat_sae_20260828_080834_39cc_23989,curated_E_mid
feat_sae_20260828_080834_39cc_23985,curated_D_hetero
feat_sae_20260828_080834_39cc_02852,curated_D_hetero
feat_sae_20260828_080834_39cc_17730,curated_D_hetero
feat_sae_20260828_080834_39cc_26692,curated_E_homog
feat_sae_20260828_080834_39cc_02243,curated_D_hetero
feat_sae_20260828_080834_39cc_12737,curated_D_hetero
feat_sae_20260828_080834_39cc_14955,curated_D_hetero
feat_sae_20260828_080834_39cc_08627,curated_D_mid
feat_sae_20260828_080834_39cc_14215,curated_D_hetero
feat_sae_20260828_080834_39cc_15645,curated_E_homog
feat_sae_20260828_080834_39cc_02581,curated_E_homog
feat_sae_20260828_080834_39cc_22974,curated_D_hetero
feat_sae_20260828_080834_39cc_16846,curated_D_hetero
feat_sae_20260828_080834_39cc_12362,curated_D_hetero
feat_sae_20260828_080834_39cc_07683,curated_E_homog
feat_sae_20260828_080834_39cc_28515,curated_D_hetero
feat_sae_20260828_080834_39cc_04571,curated_D_hetero
feat_sae_20260828_080834_39cc_16610,curated_E_mid
feat_sae_20260828_080834_39cc_04006,curated_D_hetero
feat_sae_20260828_080834_39cc_06318,curated_E_mid
feat_sae_20260828_080834_39cc_11370,curated_E_mid
feat_sae_20260828_080834_39cc_08547,curated_E_mid
feat_sae_20260828_080834_39cc_05130,curated_E_homog
feat_sae_20260828_080834_39cc_09536,curated_D_hetero
feat_sae_20260828_080834_39cc_13542,curated_D_hetero
feat_sae_20260828_080834_39cc_21631,curated_D_hetero
feat_sae_20260828_080834_39cc_25179,curated_D_hetero
feat_sae_20260828_080834_39cc_07000,curated_D_hetero
feat_sae_20260828_080834_39cc_13553,census_C
feat_sae_20260828_080834_39cc_24219,curated_D_hetero
feat_sae_20260828_080834_39cc_10891,curated_D_hetero
feat_sae_20260828_080834_39cc_02621,reference
feat_sae_20260828_080834_39cc_27823,curated_D_hetero
feat_sae_20260828_080834_39cc_24054,curated_D_hetero
feat_sae_20260828_080834_39cc_26444,curated_D_hetero
feat_sae_20260828_080834_39cc_15106,curated_E_homog
feat_sae_20260828_080834_39cc_03159,curated_E_homog
feat_sae_20260828_080834_39cc_28617,curated_E_mid
feat_sae_20260828_080834_39cc_00769,curated_E_homog
feat_sae_20260828_080834_39cc_27737,curated_D_mid
feat_sae_20260828_080834_39cc_30137,curated_E_homog
feat_sae_20260828_080834_39cc_20909,curated_D_hetero
feat_sae_20260828_080834_39cc_28304,curated_D_hetero
feat_sae_20260828_080834_39cc_00918,curated_D_hetero
feat_sae_20260828_080834_39cc_28367,curated_E_mid
feat_sae_20260828_080834_39cc_28040,curated_E_mid
feat_sae_20260828_080834_39cc_25371,curated_E_mid
feat_sae_20260828_080834_39cc_28053,curated_E_homog
feat_sae_20260828_080834_39cc_14406,curated_E_homog
feat_sae_20260828_080834_39cc_05660,curated_D_hetero
feat_sae_20260828_080834_39cc_02732,curated_D_mid
feat_sae_20260828_080834_39cc_27300,curated_D_hetero
feat_sae_20260828_080834_39cc_19559,curated_D_hetero
feat_sae_20260828_080834_39cc_22642,curated_D_hetero
feat_sae_20260828_080834_39cc_19748,curated_D_hetero
feat_sae_20260828_080834_39cc_04575,curated_D_hetero
feat_sae_20260828_080834_39cc_24426,curated_E_homog
feat_sae_20260828_080834_39cc_20343,curated_D_hetero
feat_sae_20260828_080834_39cc_09597,curated_D_hetero
feat_sae_20260828_080834_39cc_16034,curated_E_mid
feat_sae_20260828_080834_39cc_09961,curated_D_hetero
feat_sae_20260828_080834_39cc_28846,curated_D_hetero
feat_sae_20260828_080834_39cc_11892,curated_E_homog
feat_sae_20260828_080834_39cc_29755,curated_E_mid
feat_sae_20260828_080834_39cc_08071,curated_E_mid
feat_sae_20260828_080834_39cc_17515,curated_E_homog
feat_sae_20260828_080834_39cc_24348,curated_E_mid
feat_sae_20260828_080834_39cc_24421,curated_E_mid
feat_sae_20260828_080834_39cc_18946,curated_E_mid
feat_sae_20260828_080834_39cc_07844,curated_E_mid
feat_sae_20260828_080834_39cc_12399,curated_E_mid
feat_sae_20260828_080834_39cc_20167,curated_E_homog
feat_sae_20260828_080834_39cc_22558,curated_E_mid
feat_sae_20260828_080834_39cc_22661,curated_E_mid
feat_sae_20260828_080834_39cc_27835,curated_E_mid
feat_sae_20260828_080834_39cc_08718,curated_E_mid
feat_sae_20260828_080834_39cc_17738,curated_E_mid
feat_sae_20260828_080834_39cc_07729,curated_E_mid
feat_sae_20260828_080834_39cc_24337,curated_E_homog
feat_sae_20260828_080834_39cc_22932,curated_E_mid
feat_sae_20260828_080834_39cc_02311,curated_E_homog
feat_sae_20260828_080834_39cc_25932,curated_E_mid
feat_sae_20260828_080834_39cc_17753,curated_E_homog
feat_sae_20260828_080834_39cc_24677,curated_E_mid
feat_sae_20260828_080834_39cc_11646,curated_E_mid
feat_sae_20260828_080834_39cc_00332,curated_E_mid
feat_sae_20260828_080834_39cc_03948,curated_E_homog
feat_sae_20260828_080834_39cc_25701,curated_E_mid
feat_sae_20260828_080834_39cc_25763,curated_E_homog
feat_sae_20260828_080834_39cc_24935,curated_E_homog
feat_sae_20260828_080834_39cc_04584,curated_D_homog
feat_sae_20260828_080834_39cc_12543,curated_E_homog
feat_sae_20260828_080834_39cc_12205,curated_E_homog
feat_sae_20260828_080834_39cc_14469,curated_E_mid
feat_sae_20260828_080834_39cc_05061,curated_E_mid
feat_sae_20260828_080834_39cc_01600,curated_E_homog
feat_sae_20260828_080834_39cc_21494,curated_E_mid
feat_sae_20260828_080834_39cc_28889,curated_E_homog
feat_sae_20260828_080834_39cc_13499,curated_E_homog
feat_sae_20260828_080834_39cc_06098,curated_E_homog
feat_sae_20260828_080834_39cc_25716,curated_E_mid
feat_sae_20260828_080834_39cc_19093,curated_E_homog
feat_sae_20260828_080834_39cc_12648,curated_D_mid
feat_sae_20260828_080834_39cc_23418,curated_E_mid
feat_sae_20260828_080834_39cc_21241,curated_E_homog
feat_sae_20260828_080834_39cc_07674,curated_E_mid
feat_sae_20260828_080834_39cc_10619,curated_E_homog
feat_sae_20260828_080834_39cc_10711,curated_D_mid
feat_sae_20260828_080834_39cc_01792,curated_E_homog
feat_sae_20260828_080834_39cc_18407,reference
feat_sae_20260828_080834_39cc_24978,reference
feat_sae_20260828_080834_39cc_29675,curated_E_homog
feat_sae_20260828_080834_39cc_21688,curated_E_mid
feat_sae_20260828_080834_39cc_09253,curated_E_mid
feat_sae_20260828_080834_39cc_18327,curated_D_mid
feat_sae_20260828_080834_39cc_27152,curated_E_homog
feat_sae_20260828_080834_39cc_20787,curated_E_mid
feat_sae_20260828_080834_39cc_14133,reference
feat_sae_20260828_080834_39cc_20447,curated_E_homog
feat_sae_20260828_080834_39cc_18029,curated_E_homog
feat_sae_20260828_080834_39cc_23909,curated_E_mid
feat_sae_20260828_080834_39cc_06349,curated_E_homog
feat_sae_20260828_080834_39cc_11219,curated_E_homog
feat_sae_20260828_080834_39cc_09928,curated_E_mid
feat_sae_20260828_080834_39cc_10060,curated_E_mid
feat_sae_20260828_080834_39cc_27904,curated_E_homog
feat_sae_20260828_080834_39cc_05325,reference
feat_sae_20260828_080834_39cc_13898,curated_E_mid
feat_sae_20260828_080834_39cc_22950,curated_E_homog
feat_sae_20260828_080834_39cc_23916,curated_E_mid
feat_sae_20260828_080834_39cc_17110,curated_E_mid
feat_sae_20260828_080834_39cc_20509,curated_E_homog
feat_sae_20260828_080834_39cc_18942,curated_E_homog
feat_sae_20260828_080834_39cc_24302,reference
feat_sae_20260828_080834_39cc_29259,curated_E_mid
feat_sae_20260828_080834_39cc_17067,curated_D_mid
feat_sae_20260828_080834_39cc_00964,curated_E_mid
feat_sae_20260828_080834_39cc_25408,curated_E_homog
feat_sae_20260828_080834_39cc_12682,curated_E_mid
feat_sae_20260828_080834_39cc_17332,curated_E_homog
feat_sae_20260828_080834_39cc_10153,curated_E_mid
feat_sae_20260828_080834_39cc_15930,curated_E_mid
feat_sae_20260828_080834_39cc_17864,curated_D_mid
feat_sae_20260828_080834_39cc_12224,curated_E_homog
feat_sae_20260828_080834_39cc_26405,curated_E_homog
feat_sae_20260828_080834_39cc_00141,curated_E_homog
feat_sae_20260828_080834_39cc_19367,curated_E_mid
feat_sae_20260828_080834_39cc_04585,curated_E_homog
feat_sae_20260828_080834_39cc_26988,curated_E_homog
feat_sae_20260828_080834_39cc_12299,curated_E_mid
feat_sae_20260828_080834_39cc_14066,curated_E_mid
feat_sae_20260828_080834_39cc_01891,curated_E_mid
feat_sae_20260828_080834_39cc_25752,curated_E_homog
feat_sae_20260828_080834_39cc_28180,curated_E_homog
feat_sae_20260828_080834_39cc_15379,curated_E_mid
feat_sae_20260828_080834_39cc_13427,curated_E_mid
feat_sae_20260828_080834_39cc_16708,reference
feat_sae_20260828_080834_39cc_25224,curated_E_mid
feat_sae_20260828_080834_39cc_04173,curated_E_mid
feat_sae_20260828_080834_39cc_25500,curated_E_mid
feat_sae_20260828_080834_39cc_12407,census_C
feat_sae_20260828_080834_39cc_02387,curated_D_mid
feat_sae_20260828_080834_39cc_17621,curated_E_homog
feat_sae_20260828_080834_39cc_00304,curated_E_mid
feat_sae_20260828_080834_39cc_25396,curated_E_mid
feat_sae_20260828_080834_39cc_24620,curated_E_homog
feat_sae_20260828_080834_39cc_08445,curated_E_homog
feat_sae_20260828_080834_39cc_05426,reference
feat_sae_20260828_080834_39cc_18713,curated_D_homog
feat_sae_20260828_080834_39cc_29133,curated_E_homog
feat_sae_20260828_080834_39cc_22746,curated_E_homog
feat_sae_20260828_080834_39cc_27295,curated_E_mid
feat_sae_20260828_080834_39cc_22463,curated_E_mid
feat_sae_20260828_080834_39cc_04171,curated_E_homog
feat_sae_20260828_080834_39cc_10475,curated_E_homog
feat_sae_20260828_080834_39cc_08676,curated_E_mid
feat_sae_20260828_080834_39cc_01278,curated_E_homog
feat_sae_20260828_080834_39cc_29974,census_C
feat_sae_20260828_080834_39cc_09953,curated_E_mid
feat_sae_20260828_080834_39cc_03396,curated_D_mid
feat_sae_20260828_080834_39cc_21938,curated_E_homog
feat_sae_20260828_080834_39cc_29990,curated_E_homog
feat_sae_20260828_080834_39cc_14716,curated_D_mid
feat_sae_20260828_080834_39cc_00156,curated_E_homog
feat_sae_20260828_080834_39cc_08288,curated_E_mid
feat_sae_20260828_080834_39cc_01343,curated_E_mid
feat_sae_20260828_080834_39cc_30574,curated_E_mid
feat_sae_20260828_080834_39cc_13562,curated_D_mid
feat_sae_20260828_080834_39cc_07201,curated_D_homog
feat_sae_20260828_080834_39cc_11794,curated_D_mid
feat_sae_20260828_080834_39cc_19290,curated_E_homog
feat_sae_20260828_080834_39cc_21097,curated_D_mid
feat_sae_20260828_080834_39cc_15062,curated_E_homog
feat_sae_20260828_080834_39cc_18961,curated_E_homog
feat_sae_20260828_080834_39cc_24864,curated_E_mid
feat_sae_20260828_080834_39cc_26928,curated_E_mid
feat_sae_20260828_080834_39cc_26512,curated_D_homog
feat_sae_20260828_080834_39cc_19640,curated_E_homog
feat_sae_20260828_080834_39cc_05273,curated_E_mid
feat_sae_20260828_080834_39cc_11777,curated_E_mid
feat_sae_20260828_080834_39cc_23714,reference
feat_sae_20260828_080834_39cc_13503,curated_E_mid
feat_sae_20260828_080834_39cc_14979,curated_E_homog
feat_sae_20260828_080834_39cc_04727,curated_E_homog
feat_sae_20260828_080834_39cc_06078,curated_E_homog
feat_sae_20260828_080834_39cc_11905,curated_E_mid
feat_sae_20260828_080834_39cc_15063,curated_D_mid
feat_sae_20260828_080834_39cc_11337,reference
feat_sae_20260828_080834_39cc_07647,curated_E_homog
feat_sae_20260828_080834_39cc_03976,curated_E_mid
feat_sae_20260828_080834_39cc_16911,curated_D_mid
feat_sae_20260828_080834_39cc_04107,reference
feat_sae_20260828_080834_39cc_19365,curated_E_mid
feat_sae_20260828_080834_39cc_04984,curated_D_mid
feat_sae_20260828_080834_39cc_04899,curated_E_mid
feat_sae_20260828_080834_39cc_16027,curated_E_homog
feat_sae_20260828_080834_39cc_04203,curated_E_mid
feat_sae_20260828_080834_39cc_00355,curated_E_homog
feat_sae_20260828_080834_39cc_18934,curated_E_mid
feat_sae_20260828_080834_39cc_30012,curated_E_mid
feat_sae_20260828_080834_39cc_11270,curated_E_mid
feat_sae_20260828_080834_39cc_14007,curated_E_homog
feat_sae_20260828_080834_39cc_17127,curated_E_homog
feat_sae_20260828_080834_39cc_04981,curated_E_mid
feat_sae_20260828_080834_39cc_10668,reference
feat_sae_20260828_080834_39cc_13252,curated_E_homog
feat_sae_20260828_080834_39cc_05168,curated_E_mid
feat_sae_20260828_080834_39cc_00811,reference
feat_sae_20260828_080834_39cc_05589,curated_E_homog
feat_sae_20260828_080834_39cc_04059,curated_E_homog
feat_sae_20260828_080834_39cc_04632,curated_E_mid
feat_sae_20260828_080834_39cc_19050,curated_E_homog
feat_sae_20260828_080834_39cc_02940,curated_E_mid
feat_sae_20260828_080834_39cc_09267,curated_E_homog
feat_sae_20260828_080834_39cc_04730,curated_E_mid
feat_sae_20260828_080834_39cc_07191,curated_E_mid
feat_sae_20260828_080834_39cc_11236,curated_E_mid
feat_sae_20260828_080834_39cc_19854,curated_E_homog
feat_sae_20260828_080834_39cc_10531,curated_E_mid
feat_sae_20260828_080834_39cc_06296,curated_E_mid
feat_sae_20260828_080834_39cc_30224,reference
feat_sae_20260828_080834_39cc_25751,curated_E_homog
feat_sae_20260828_080834_39cc_05662,curated_E_homog
feat_sae_20260828_080834_39cc_14043,curated_E_homog
feat_sae_20260828_080834_39cc_16692,curated_E_homog
feat_sae_20260828_080834_39cc_22620,curated_E_homog
feat_sae_20260828_080834_39cc_12083,curated_E_homog
feat_sae_20260828_080834_39cc_19462,curated_E_mid
feat_sae_20260828_080834_39cc_15947,curated_E_mid
feat_sae_20260828_080834_39cc_28858,census_C
feat_sae_20260828_080834_39cc_23558,curated_E_mid
feat_sae_20260828_080834_39cc_26729,curated_E_homog
feat_sae_20260828_080834_39cc_26681,curated_E_mid
feat_sae_20260828_080834_39cc_20152,curated_E_homog
feat_sae_20260828_080834_39cc_08682,curated_E_mid
feat_sae_20260828_080834_39cc_08339,curated_D_homog
feat_sae_20260828_080834_39cc_27463,curated_E_homog
feat_sae_20260828_080834_39cc_19942,curated_E_mid
feat_sae_20260828_080834_39cc_22878,curated_E_mid
feat_sae_20260828_080834_39cc_18943,curated_E_homog
feat_sae_20260828_080834_39cc_12203,curated_E_homog
feat_sae_20260828_080834_39cc_12804,curated_E_mid
feat_sae_20260828_080834_39cc_19862,curated_E_mid
feat_sae_20260828_080834_39cc_28547,curated_E_mid
feat_sae_20260828_080834_39cc_02647,curated_E_mid
feat_sae_20260828_080834_39cc_14598,curated_E_mid
feat_sae_20260828_080834_39cc_00143,curated_D_homog
feat_sae_20260828_080834_39cc_17711,curated_E_mid
feat_sae_20260828_080834_39cc_07837,curated_E_mid
feat_sae_20260828_080834_39cc_01960,curated_E_mid
feat_sae_20260828_080834_39cc_09468,curated_E_mid
feat_sae_20260828_080834_39cc_26950,curated_E_mid
feat_sae_20260828_080834_39cc_09770,curated_E_mid
feat_sae_20260828_080834_39cc_22086,curated_D_mid
feat_sae_20260828_080834_39cc_18845,curated_E_mid
feat_sae_20260828_080834_39cc_16387,curated_E_homog
feat_sae_20260828_080834_39cc_17367,curated_E_mid
feat_sae_20260828_080834_39cc_11762,curated_E_homog
feat_sae_20260828_080834_39cc_27573,curated_E_homog
feat_sae_20260828_080834_39cc_03376,curated_E_mid
feat_sae_20260828_080834_39cc_07830,curated_E_homog
feat_sae_20260828_080834_39cc_23250,curated_E_mid
feat_sae_20260828_080834_39cc_06655,curated_E_mid
feat_sae_20260828_080834_39cc_09709,curated_E_mid
feat_sae_20260828_080834_39cc_04274,curated_E_homog
feat_sae_20260828_080834_39cc_00953,curated_E_mid
feat_sae_20260828_080834_39cc_25451,reference
feat_sae_20260828_080834_39cc_30088,curated_E_homog
feat_sae_20260828_080834_39cc_00741,curated_E_mid
feat_sae_20260828_080834_39cc_21969,curated_E_homog
feat_sae_20260828_080834_39cc_19265,curated_E_homog
feat_sae_20260828_080834_39cc_21476,curated_E_homog
feat_sae_20260828_080834_39cc_09175,curated_E_homog
feat_sae_20260828_080834_39cc_11867,curated_E_mid
feat_sae_20260828_080834_39cc_03012,reference
feat_sae_20260828_080834_39cc_11626,curated_D_mid
feat_sae_20260828_080834_39cc_28065,curated_E_mid
feat_sae_20260828_080834_39cc_29875,reference
feat_sae_20260828_080834_39cc_14551,reference
feat_sae_20260828_080834_39cc_22045,curated_E_homog
feat_sae_20260828_080834_39cc_11899,curated_E_mid
feat_sae_20260828_080834_39cc_04693,curated_E_homog
feat_sae_20260828_080834_39cc_07374,curated_E_mid
feat_sae_20260828_080834_39cc_16149,curated_E_mid
feat_sae_20260828_080834_39cc_01088,curated_E_mid
feat_sae_20260828_080834_39cc_09039,curated_E_homog
feat_sae_20260828_080834_39cc_25650,curated_E_homog
feat_sae_20260828_080834_39cc_19102,curated_D_mid
feat_sae_20260828_080834_39cc_25883,curated_E_mid
feat_sae_20260828_080834_39cc_04262,curated_E_mid
feat_sae_20260828_080834_39cc_15602,curated_E_mid
feat_sae_20260828_080834_39cc_13045,curated_E_mid
feat_sae_20260828_080834_39cc_10926,curated_E_homog
feat_sae_20260828_080834_39cc_24548,reference
feat_sae_20260828_080834_39cc_28702,curated_E_mid
feat_sae_20260828_080834_39cc_20271,curated_D_mid
feat_sae_20260828_080834_39cc_24930,curated_E_homog
feat_sae_20260828_080834_39cc_06826,curated_E_homog
feat_sae_20260828_080834_39cc_08287,curated_E_homog
feat_sae_20260828_080834_39cc_05650,curated_E_mid
feat_sae_20260828_080834_39cc_28033,curated_E_mid
feat_sae_20260828_080834_39cc_29597,curated_E_mid
feat_sae_20260828_080834_39cc_29447,curated_E_mid
feat_sae_20260828_080834_39cc_09349,curated_E_mid
feat_sae_20260828_080834_39cc_02477,curated_E_mid
feat_sae_20260828_080834_39cc_20176,curated_E_mid
feat_sae_20260828_080834_39cc_18246,curated_E_mid
feat_sae_20260828_080834_39cc_14847,curated_E_homog
feat_sae_20260828_080834_39cc_01800,curated_E_mid
feat_sae_20260828_080834_39cc_10181,curated_E_homog
feat_sae_20260828_080834_39cc_01310,curated_E_homog
feat_sae_20260828_080834_39cc_18425,curated_E_mid
feat_sae_20260828_080834_39cc_30690,curated_D_mid
feat_sae_20260828_080834_39cc_15036,curated_E_homog
feat_sae_20260828_080834_39cc_11894,curated_E_mid
feat_sae_20260828_080834_39cc_21919,curated_E_homog
feat_sae_20260828_080834_39cc_23572,curated_E_homog
feat_sae_20260828_080834_39cc_24333,curated_E_mid
feat_sae_20260828_080834_39cc_14003,curated_E_mid
feat_sae_20260828_080834_39cc_26138,curated_E_mid
feat_sae_20260828_080834_39cc_15721,curated_E_mid
feat_sae_20260828_080834_39cc_29077,curated_E_homog
feat_sae_20260828_080834_39cc_01096,curated_E_mid
feat_sae_20260828_080834_39cc_09589,curated_E_homog
feat_sae_20260828_080834_39cc_05585,curated_E_homog
feat_sae_20260828_080834_39cc_12440,curated_E_homog
feat_sae_20260828_080834_39cc_25579,curated_E_mid
feat_sae_20260828_080834_39cc_05582,curated_E_mid
feat_sae_20260828_080834_39cc_18104,curated_E_mid
feat_sae_20260828_080834_39cc_19260,curated_E_homog
feat_sae_20260828_080834_39cc_01074,curated_E_homog
feat_sae_20260828_080834_39cc_29363,curated_E_homog
feat_sae_20260828_080834_39cc_04342,curated_E_homog
feat_sae_20260828_080834_39cc_13034,curated_E_mid
feat_sae_20260828_080834_39cc_21644,curated_E_homog
feat_sae_20260828_080834_39cc_25645,curated_E_mid
feat_sae_20260828_080834_39cc_28849,curated_E_mid
feat_sae_20260828_080834_39cc_00101,reference
feat_sae_20260828_080834_39cc_20700,curated_E_mid
feat_sae_20260828_080834_39cc_14199,curated_E_mid
feat_sae_20260828_080834_39cc_04751,curated_E_mid
feat_sae_20260828_080834_39cc_26670,curated_E_mid
feat_sae_20260828_080834_39cc_26780,curated_E_homog
feat_sae_20260828_080834_39cc_29814,curated_E_mid
feat_sae_20260828_080834_39cc_19835,curated_E_mid
feat_sae_20260828_080834_39cc_14458,curated_E_homog
feat_sae_20260828_080834_39cc_13641,curated_E_homog
feat_sae_20260828_080834_39cc_15024,curated_E_homog
feat_sae_20260828_080834_39cc_03105,curated_E_homog
feat_sae_20260828_080834_39cc_28998,curated_E_homog
feat_sae_20260828_080834_39cc_23365,curated_D_homog
feat_sae_20260828_080834_39cc_07899,curated_E_mid
feat_sae_20260828_080834_39cc_15503,curated_E_homog
feat_sae_20260828_080834_39cc_15127,curated_E_homog
feat_sae_20260828_080834_39cc_06177,curated_E_homog
feat_sae_20260828_080834_39cc_02640,curated_E_mid
feat_sae_20260828_080834_39cc_05204,curated_D_mid
feat_sae_20260828_080834_39cc_19912,curated_E_homog
feat_sae_20260828_080834_39cc_12092,curated_E_mid
feat_sae_20260828_080834_39cc_20938,curated_E_homog
feat_sae_20260828_080834_39cc_06773,census_A
feat_sae_20260828_080834_39cc_15295,reference
feat_sae_20260828_080834_39cc_08066,curated_E_homog
feat_sae_20260828_080834_39cc_28880,curated_E_homog
feat_sae_20260828_080834_39cc_07990,curated_E_homog
feat_sae_20260828_080834_39cc_00290,curated_E_homog
feat_sae_20260828_080834_39cc_22926,curated_E_homog
feat_sae_20260828_080834_39cc_04001,curated_E_homog
feat_sae_20260828_080834_39cc_21999,curated_E_homog
feat_sae_20260828_080834_39cc_12800,curated_E_homog
feat_sae_20260828_080834_39cc_25616,curated_E_homog
feat_sae_20260828_080834_39cc_17473,curated_E_homog
feat_sae_20260828_080834_39cc_08195,curated_E_homog
feat_sae_20260828_080834_39cc_05459,census_C
feat_sae_20260828_080834_39cc_12719,curated_E_homog
feat_sae_20260828_080834_39cc_30488,curated_E_homog
feat_sae_20260828_080834_39cc_30266,curated_D_mid
feat_sae_20260828_080834_39cc_12025,curated_E_homog
feat_sae_20260828_080834_39cc_02897,curated_D_mid
feat_sae_20260828_080834_39cc_25603,curated_E_homog
feat_sae_20260828_080834_39cc_19728,reference
feat_sae_20260828_080834_39cc_28680,curated_E_homog
feat_sae_20260828_080834_39cc_22601,curated_E_homog
feat_sae_20260828_080834_39cc_12108,curated_E_homog
feat_sae_20260828_080834_39cc_06279,curated_E_homog
feat_sae_20260828_080834_39cc_22637,curated_E_homog
feat_sae_20260828_080834_39cc_04827,curated_E_homog
feat_sae_20260828_080834_39cc_10123,curated_E_homog
feat_sae_20260828_080834_39cc_16827,curated_E_homog
feat_sae_20260828_080834_39cc_17141,census_C
feat_sae_20260828_080834_39cc_16009,curated_E_homog
feat_sae_20260828_080834_39cc_17179,curated_E_homog
feat_sae_20260828_080834_39cc_03117,curated_E_homog
feat_sae_20260828_080834_39cc_28093,curated_E_homog
feat_sae_20260828_080834_39cc_23263,curated_E_homog
feat_sae_20260828_080834_39cc_12134,curated_E_homog
feat_sae_20260828_080834_39cc_00025,curated_D_homog
feat_sae_20260828_080834_39cc_14632,curated_E_homog
feat_sae_20260828_080834_39cc_03773,curated_E_homog
feat_sae_20260828_080834_39cc_01119,curated_E_homog
feat_sae_20260828_080834_39cc_28639,curated_E_homog
feat_sae_20260828_080834_39cc_14058,curated_E_homog
feat_sae_20260828_080834_39cc_10324,curated_E_homog
feat_sae_20260828_080834_39cc_16715,curated_E_homog
feat_sae_20260828_080834_39cc_16228,curated_E_homog
feat_sae_20260828_080834_39cc_14651,reference
feat_sae_20260828_080834_39cc_21071,reference
feat_sae_20260828_080834_39cc_29986,curated_E_homog
feat_sae_20260828_080834_39cc_10309,curated_E_homog
feat_sae_20260828_080834_39cc_22660,curated_E_homog
feat_sae_20260828_080834_39cc_30133,curated_E_homog
feat_sae_20260828_080834_39cc_29878,curated_E_homog
feat_sae_20260828_080834_39cc_20012,curated_E_homog
feat_sae_20260828_080834_39cc_19205,curated_D_homog
feat_sae_20260828_080834_39cc_23163,curated_D_homog
feat_sae_20260828_080834_39cc_02014,curated_E_homog
feat_sae_20260828_080834_39cc_24175,census_C
feat_sae_20260828_080834_39cc_06861,curated_E_homog
feat_sae_20260828_080834_39cc_16359,census_C
feat_sae_20260828_080834_39cc_22718,curated_D_homog
feat_sae_20260828_080834_39cc_13452,reference
feat_sae_20260828_080834_39cc_00018,curated_D_mid
feat_sae_20260828_080834_39cc_28885,reference
feat_sae_20260828_080834_39cc_03300,curated_D_homog
feat_sae_20260828_080834_39cc_11774,reference
feat_sae_20260828_080834_39cc_06025,reference
feat_sae_20260828_080834_39cc_14191,curated_D_mid
feat_sae_20260828_080834_39cc_30329,census_C
feat_sae_20260828_080834_39cc_15668,curated_D_homog
feat_sae_20260828_080834_39cc_09375,reference
feat_sae_20260828_080834_39cc_08961,reference
feat_sae_20260828_080834_39cc_23854,reference
feat_sae_20260828_080834_39cc_29216,curated_D_mid
feat_sae_20260828_080834_39cc_22107,reference
feat_sae_20260828_080834_39cc_28714,curated_D_homog
feat_sae_20260828_080834_39cc_08039,reference
feat_sae_20260828_080834_39cc_21822,reference
feat_sae_20260828_080834_39cc_21103,curated_D_mid
feat_sae_20260828_080834_39cc_10319,curated_D_mid
feat_sae_20260828_080834_39cc_15120,curated_D_homog
feat_sae_20260828_080834_39cc_18470,reference
feat_sae_20260828_080834_39cc_14190,reference
feat_sae_20260828_080834_39cc_18429,reference
feat_sae_20260828_080834_39cc_16394,reference
feat_sae_20260828_080834_39cc_16845,curated_D_mid
feat_sae_20260828_080834_39cc_23710,reference
feat_sae_20260828_080834_39cc_07087,curated_D_mid
feat_sae_20260828_080834_39cc_10478,curated_D_mid
feat_sae_20260828_080834_39cc_17856,reference
feat_sae_20260828_080834_39cc_02135,reference
feat_sae_20260828_080834_39cc_05422,curated_D_mid
feat_sae_20260828_080834_39cc_12267,reference
feat_sae_20260828_080834_39cc_24519,curated_D_mid
feat_sae_20260828_080834_39cc_20283,curated_D_mid
feat_sae_20260828_080834_39cc_05641,curated_D_mid
feat_sae_20260828_080834_39cc_17719,census_C
feat_sae_20260828_080834_39cc_16072,curated_D_mid
feat_sae_20260828_080834_39cc_00478,curated_D_mid
feat_sae_20260828_080834_39cc_06931,census_C
feat_sae_20260828_080834_39cc_11422,curated_D_mid
feat_sae_20260828_080834_39cc_22080,census_C
feat_sae_20260828_080834_39cc_15180,census_C
feat_sae_20260828_080834_39cc_08227,census_C
feat_sae_20260828_080834_39cc_22425,reference
feat_sae_20260828_080834_39cc_16510,curated_D_homog
feat_sae_20260828_080834_39cc_00617,reference
feat_sae_20260828_080834_39cc_24933,curated_D_homog
feat_sae_20260828_080834_39cc_22359,reference
feat_sae_20260828_080834_39cc_23335,reference
feat_sae_20260828_080834_39cc_13147,reference
feat_sae_20260828_080834_39cc_01325,reference
feat_sae_20260828_080834_39cc_21140,reference
feat_sae_20260828_080834_39cc_27480,curated_D_mid
feat_sae_20260828_080834_39cc_13184,curated_D_homog
feat_sae_20260828_080834_39cc_17143,curated_D_mid
feat_sae_20260828_080834_39cc_10323,census_C
feat_sae_20260828_080834_39cc_14796,curated_D_mid
feat_sae_20260828_080834_39cc_05499,reference
feat_sae_20260828_080834_39cc_26594,reference
feat_sae_20260828_080834_39cc_01361,curated_D_homog
feat_sae_20260828_080834_39cc_04478,reference
feat_sae_20260828_080834_39cc_06042,census_C
feat_sae_20260828_080834_39cc_11021,reference
feat_sae_20260828_080834_39cc_01070,census_C
feat_sae_20260828_080834_39cc_17470,reference
feat_sae_20260828_080834_39cc_07416,reference
feat_sae_20260828_080834_39cc_18918,curated_D_mid
feat_sae_20260828_080834_39cc_04417,reference
feat_sae_20260828_080834_39cc_24846,reference
feat_sae_20260828_080834_39cc_30639,reference
feat_sae_20260828_080834_39cc_12325,reference
feat_sae_20260828_080834_39cc_09159,census_C
feat_sae_20260828_080834_39cc_04412,census_C
feat_sae_20260828_080834_39cc_01658,curated_D_mid
feat_sae_20260828_080834_39cc_08974,reference
feat_sae_20260828_080834_39cc_26514,curated_D_mid
feat_sae_20260828_080834_39cc_19586,reference
feat_sae_20260828_080834_39cc_13469,reference
feat_sae_20260828_080834_39cc_25333,curated_D_homog
feat_sae_20260828_080834_39cc_16105,curated_D_homog
feat_sae_20260828_080834_39cc_13588,curated_D_homog
feat_sae_20260828_080834_39cc_19361,curated_D_mid
feat_sae_20260828_080834_39cc_09666,census_C
feat_sae_20260828_080834_39cc_17030,reference
feat_sae_20260828_080834_39cc_14810,reference
feat_sae_20260828_080834_39cc_22099,reference
feat_sae_20260828_080834_39cc_18209,curated_D_mid
feat_sae_20260828_080834_39cc_06539,reference
feat_sae_20260828_080834_39cc_16544,curated_D_mid
feat_sae_20260828_080834_39cc_30517,curated_D_homog
feat_sae_20260828_080834_39cc_20178,census_C
feat_sae_20260828_080834_39cc_07894,curated_D_mid
feat_sae_20260828_080834_39cc_03125,curated_D_homog
feat_sae_20260828_080834_39cc_26995,reference
feat_sae_20260828_080834_39cc_09419,reference
feat_sae_20260828_080834_39cc_23209,curated_D_mid
feat_sae_20260828_080834_39cc_04027,reference
feat_sae_20260828_080834_39cc_08948,curated_D_homog
feat_sae_20260828_080834_39cc_15423,curated_D_mid
feat_sae_20260828_080834_39cc_27634,curated_D_mid
feat_sae_20260828_080834_39cc_12595,reference
feat_sae_20260828_080834_39cc_14436,curated_D_mid
feat_sae_20260828_080834_39cc_12196,reference
feat_sae_20260828_080834_39cc_05035,curated_D_mid
feat_sae_20260828_080834_39cc_03437,curated_D_homog
feat_sae_20260828_080834_39cc_02304,reference
feat_sae_20260828_080834_39cc_29241,curated_D_homog
feat_sae_20260828_080834_39cc_18085,reference
feat_sae_20260828_080834_39cc_23072,reference
feat_sae_20260828_080834_39cc_29134,curated_D_homog
feat_sae_20260828_080834_39cc_04738,curated_D_homog
feat_sae_20260828_080834_39cc_11261,curated_D_mid
feat_sae_20260828_080834_39cc_07331,reference
feat_sae_20260828_080834_39cc_22205,census_C
feat_sae_20260828_080834_39cc_12292,curated_D_mid
feat_sae_20260828_080834_39cc_13804,curated_D_mid
feat_sae_20260828_080834_39cc_27627,curated_D_homog
feat_sae_20260828_080834_39cc_08705,curated_D_mid
feat_sae_20260828_080834_39cc_24416,reference
feat_sae_20260828_080834_39cc_01632,curated_D_mid
feat_sae_20260828_080834_39cc_24652,reference
feat_sae_20260828_080834_39cc_08235,curated_D_mid
feat_sae_20260828_080834_39cc_18884,reference
feat_sae_20260828_080834_39cc_02242,curated_D_homog
feat_sae_20260828_080834_39cc_07026,curated_D_homog
feat_sae_20260828_080834_39cc_13883,curated_D_mid
feat_sae_20260828_080834_39cc_29308,reference
feat_sae_20260828_080834_39cc_14690,reference
feat_sae_20260828_080834_39cc_22503,reference
feat_sae_20260828_080834_39cc_12463,census_C
feat_sae_20260828_080834_39cc_25640,curated_D_homog
feat_sae_20260828_080834_39cc_17063,reference
feat_sae_20260828_080834_39cc_20819,curated_D_mid
feat_sae_20260828_080834_39cc_30629,reference
feat_sae_20260828_080834_39cc_04162,curated_D_homog
feat_sae_20260828_080834_39cc_16343,curated_D_mid
feat_sae_20260828_080834_39cc_23280,reference
feat_sae_20260828_080834_39cc_30304,curated_D_homog
feat_sae_20260828_080834_39cc_00950,curated_D_homog
feat_sae_20260828_080834_39cc_20572,census_C
feat_sae_20260828_080834_39cc_12163,reference
feat_sae_20260828_080834_39cc_01950,reference
feat_sae_20260828_080834_39cc_17447,reference
feat_sae_20260828_080834_39cc_24632,census_C
feat_sae_20260828_080834_39cc_26985,reference
feat_sae_20260828_080834_39cc_07443,census_C
feat_sae_20260828_080834_39cc_07288,reference
feat_sae_20260828_080834_39cc_14250,curated_D_mid
feat_sae_20260828_080834_39cc_10991,curated_D_mid
feat_sae_20260828_080834_39cc_01645,curated_D_mid
feat_sae_20260828_080834_39cc_27567,curated_D_homog
feat_sae_20260828_080834_39cc_05764,reference
feat_sae_20260828_080834_39cc_01624,reference
feat_sae_20260828_080834_39cc_23246,reference
feat_sae_20260828_080834_39cc_24746,curated_D_homog
feat_sae_20260828_080834_39cc_06873,curated_D_mid
feat_sae_20260828_080834_39cc_28712,reference
feat_sae_20260828_080834_39cc_06365,curated_D_mid
feat_sae_20260828_080834_39cc_29769,curated_D_mid
feat_sae_20260828_080834_39cc_25886,curated_D_mid
feat_sae_20260828_080834_39cc_27252,census_A
feat_sae_20260828_080834_39cc_14655,census_A
feat_sae_20260828_080834_39cc_13018,reference
feat_sae_20260828_080834_39cc_14988,curated_D_mid
feat_sae_20260828_080834_39cc_09805,reference
feat_sae_20260828_080834_39cc_15427,curated_D_mid
feat_sae_20260828_080834_39cc_18275,curated_D_homog
feat_sae_20260828_080834_39cc_18727,curated_D_mid
feat_sae_20260828_080834_39cc_24518,curated_D_mid
feat_sae_20260828_080834_39cc_10053,curated_D_homog
feat_sae_20260828_080834_39cc_27922,curated_D_mid
feat_sae_20260828_080834_39cc_15952,census_A
feat_sae_20260828_080834_39cc_07079,curated_D_homog
feat_sae_20260828_080834_39cc_03793,curated_D_mid
feat_sae_20260828_080834_39cc_04217,reference
feat_sae_20260828_080834_39cc_29730,reference
feat_sae_20260828_080834_39cc_05495,curated_D_mid
feat_sae_20260828_080834_39cc_11661,curated_D_homog
feat_sae_20260828_080834_39cc_04618,curated_D_homog
feat_sae_20260828_080834_39cc_25584,reference
feat_sae_20260828_080834_39cc_25436,census_A
feat_sae_20260828_080834_39cc_24971,reference
feat_sae_20260828_080834_39cc_30211,reference
feat_sae_20260828_080834_39cc_21180,reference
feat_sae_20260828_080834_39cc_13337,curated_D_homog
feat_sae_20260828_080834_39cc_22210,reference
feat_sae_20260828_080834_39cc_28969,curated_D_homog
feat_sae_20260828_080834_39cc_14228,reference
feat_sae_20260828_080834_39cc_04241,reference
feat_sae_20260828_080834_39cc_17152,reference
feat_sae_20260828_080834_39cc_28905,curated_D_mid
feat_sae_20260828_080834_39cc_19479,census_C
feat_sae_20260828_080834_39cc_21342,reference
feat_sae_20260828_080834_39cc_24884,curated_D_mid
feat_sae_20260828_080834_39cc_27122,reference
feat_sae_20260828_080834_39cc_08357,reference
feat_sae_20260828_080834_39cc_25959,curated_D_homog
feat_sae_20260828_080834_39cc_29562,reference
feat_sae_20260828_080834_39cc_18649,census_C
feat_sae_20260828_080834_39cc_13799,census_C
feat_sae_20260828_080834_39cc_15595,reference
feat_sae_20260828_080834_39cc_16459,reference
feat_sae_20260828_080834_39cc_05469,curated_D_mid
feat_sae_20260828_080834_39cc_03878,reference
feat_sae_20260828_080834_39cc_08638,curated_D_mid
feat_sae_20260828_080834_39cc_22928,curated_D_mid
feat_sae_20260828_080834_39cc_12180,curated_D_homog
feat_sae_20260828_080834_39cc_01563,reference
feat_sae_20260828_080834_39cc_12718,curated_D_mid
feat_sae_20260828_080834_39cc_00987,curated_D_mid
feat_sae_20260828_080834_39cc_06414,census_C
feat_sae_20260828_080834_39cc_29560,census_A
feat_sae_20260828_080834_39cc_25644,reference
feat_sae_20260828_080834_39cc_18779,curated_D_homog
feat_sae_20260828_080834_39cc_11900,reference
feat_sae_20260828_080834_39cc_04504,reference
feat_sae_20260828_080834_39cc_06350,curated_D_mid
feat_sae_20260828_080834_39cc_23917,curated_D_homog
feat_sae_20260828_080834_39cc_05740,reference
feat_sae_20260828_080834_39cc_09261,curated_D_mid
feat_sae_20260828_080834_39cc_28281,census_C
feat_sae_20260828_080834_39cc_19504,census_A
feat_sae_20260828_080834_39cc_14934,curated_D_homog
feat_sae_20260828_080834_39cc_30491,curated_D_mid
feat_sae_20260828_080834_39cc_20905,reference
feat_sae_20260828_080834_39cc_28727,reference
feat_sae_20260828_080834_39cc_24927,reference
feat_sae_20260828_080834_39cc_00995,curated_D_mid
feat_sae_20260828_080834_39cc_02059,census_C
feat_sae_20260828_080834_39cc_23337,curated_D_homog
feat_sae_20260828_080834_39cc_03831,reference
feat_sae_20260828_080834_39cc_20997,census_C
feat_sae_20260828_080834_39cc_29806,curated_D_mid
feat_sae_20260828_080834_39cc_25094,reference
feat_sae_20260828_080834_39cc_29947,reference
feat_sae_20260828_080834_39cc_26401,census_C
feat_sae_20260828_080834_39cc_17455,census_C
feat_sae_20260828_080834_39cc_10284,reference
feat_sae_20260828_080834_39cc_24784,reference
feat_sae_20260828_080834_39cc_13521,reference
feat_sae_20260828_080834_39cc_22765,reference
feat_sae_20260828_080834_39cc_04536,curated_D_homog
feat_sae_20260828_080834_39cc_27780,curated_D_mid
feat_sae_20260828_080834_39cc_00687,reference
feat_sae_20260828_080834_39cc_16589,reference
feat_sae_20260828_080834_39cc_30170,curated_D_mid
feat_sae_20260828_080834_39cc_23041,reference
feat_sae_20260828_080834_39cc_08669,reference
feat_sae_20260828_080834_39cc_12914,reference
feat_sae_20260828_080834_39cc_06857,reference
feat_sae_20260828_080834_39cc_19095,census_C
feat_sae_20260828_080834_39cc_02553,reference
feat_sae_20260828_080834_39cc_08470,reference
feat_sae_20260828_080834_39cc_11602,curated_D_mid
feat_sae_20260828_080834_39cc_17148,census_C
feat_sae_20260828_080834_39cc_05761,reference
feat_sae_20260828_080834_39cc_07995,reference
feat_sae_20260828_080834_39cc_06428,reference
feat_sae_20260828_080834_39cc_25786,reference
feat_sae_20260828_080834_39cc_26001,reference
feat_sae_20260828_080834_39cc_04287,curated_D_homog
feat_sae_20260828_080834_39cc_05335,reference
feat_sae_20260828_080834_39cc_16543,reference
feat_sae_20260828_080834_39cc_26704,reference
feat_sae_20260828_080834_39cc_26007,reference
feat_sae_20260828_080834_39cc_23921,curated_D_mid
feat_sae_20260828_080834_39cc_25724,reference
feat_sae_20260828_080834_39cc_21699,curated_D_mid
feat_sae_20260828_080834_39cc_00007,curated_D_mid
feat_sae_20260828_080834_39cc_13409,reference
feat_sae_20260828_080834_39cc_16294,reference
feat_sae_20260828_080834_39cc_26750,reference
feat_sae_20260828_080834_39cc_00377,curated_D_homog
feat_sae_20260828_080834_39cc_02226,reference
feat_sae_20260828_080834_39cc_11361,reference
feat_sae_20260828_080834_39cc_01884,curated_D_mid
feat_sae_20260828_080834_39cc_07258,curated_D_homog
feat_sae_20260828_080834_39cc_30493,reference
feat_sae_20260828_080834_39cc_29939,reference
feat_sae_20260828_080834_39cc_13852,curated_D_homog
feat_sae_20260828_080834_39cc_28974,curated_D_mid
feat_sae_20260828_080834_39cc_12692,curated_D_homog
feat_sae_20260828_080834_39cc_08919,curated_D_mid
feat_sae_20260828_080834_39cc_22300,curated_D_homog
feat_sae_20260828_080834_39cc_23433,reference
feat_sae_20260828_080834_39cc_29906,curated_D_mid
feat_sae_20260828_080834_39cc_21802,curated_D_mid
feat_sae_20260828_080834_39cc_27159,curated_D_mid
feat_sae_20260828_080834_39cc_19340,curated_D_mid
feat_sae_20260828_080834_39cc_30165,reference
feat_sae_20260828_080834_39cc_04218,curated_D_mid
feat_sae_20260828_080834_39cc_11648,reference
feat_sae_20260828_080834_39cc_09079,curated_D_mid
feat_sae_20260828_080834_39cc_04740,reference
feat_sae_20260828_080834_39cc_25026,reference
feat_sae_20260828_080834_39cc_20145,reference
feat_sae_20260828_080834_39cc_02843,reference
feat_sae_20260828_080834_39cc_27929,reference
feat_sae_20260828_080834_39cc_12986,reference
feat_sae_20260828_080834_39cc_26244,curated_D_homog
feat_sae_20260828_080834_39cc_05701,curated_D_mid
feat_sae_20260828_080834_39cc_02064,curated_D_homog
feat_sae_20260828_080834_39cc_21036,reference
feat_sae_20260828_080834_39cc_16836,census_C
feat_sae_20260828_080834_39cc_06545,reference
feat_sae_20260828_080834_39cc_11303,reference
feat_sae_20260828_080834_39cc_22236,reference
feat_sae_20260828_080834_39cc_03865,reference
feat_sae_20260828_080834_39cc_27226,reference
feat_sae_20260828_080834_39cc_28630,curated_D_homog
feat_sae_20260828_080834_39cc_30646,census_A
feat_sae_20260828_080834_39cc_16031,reference
feat_sae_20260828_080834_39cc_22031,reference
feat_sae_20260828_080834_39cc_13987,curated_D_mid
feat_sae_20260828_080834_39cc_00826,curated_D_mid
feat_sae_20260828_080834_39cc_08326,census_A
feat_sae_20260828_080834_39cc_19388,reference
feat_sae_20260828_080834_39cc_03689,reference
feat_sae_20260828_080834_39cc_01009,reference
feat_sae_20260828_080834_39cc_25643,curated_D_homog
feat_sae_20260828_080834_39cc_10955,curated_D_homog
feat_sae_20260828_080834_39cc_09851,curated_D_mid
feat_sae_20260828_080834_39cc_09044,curated_D_homog
feat_sae_20260828_080834_39cc_23592,curated_D_mid
feat_sae_20260828_080834_39cc_15142,reference
feat_sae_20260828_080834_39cc_15069,reference
feat_sae_20260828_080834_39cc_00306,reference
feat_sae_20260828_080834_39cc_01054,curated_D_mid
feat_sae_20260828_080834_39cc_09641,curated_D_mid
feat_sae_20260828_080834_39cc_15828,census_A
feat_sae_20260828_080834_39cc_06409,reference
feat_sae_20260828_080834_39cc_14881,curated_D_mid
feat_sae_20260828_080834_39cc_19870,reference
feat_sae_20260828_080834_39cc_24988,census_C
feat_sae_20260828_080834_39cc_28493,census_C
feat_sae_20260828_080834_39cc_03338,curated_D_mid
feat_sae_20260828_080834_39cc_17892,reference
feat_sae_20260828_080834_39cc_13204,reference
feat_sae_20260828_080834_39cc_24051,reference
feat_sae_20260828_080834_39cc_21174,reference
feat_sae_20260828_080834_39cc_06207,curated_D_mid
feat_sae_20260828_080834_39cc_26754,curated_D_mid
feat_sae_20260828_080834_39cc_11371,reference
feat_sae_20260828_080834_39cc_03784,reference
feat_sae_20260828_080834_39cc_30563,census_C
feat_sae_20260828_080834_39cc_01227,curated_D_mid
feat_sae_20260828_080834_39cc_07223,census_C
feat_sae_20260828_080834_39cc_23864,reference
feat_sae_20260828_080834_39cc_19208,reference
feat_sae_20260828_080834_39cc_22083,curated_D_homog
feat_sae_20260828_080834_39cc_16807,curated_D_mid
feat_sae_20260828_080834_39cc_04787,curated_D_mid
feat_sae_20260828_080834_39cc_18562,reference
feat_sae_20260828_080834_39cc_10488,census_C
feat_sae_20260828_080834_39cc_10838,curated_D_mid
feat_sae_20260828_080834_39cc_20379,curated_D_mid
feat_sae_20260828_080834_39cc_11167,curated_D_homog
feat_sae_20260828_080834_39cc_24945,curated_D_mid
feat_sae_20260828_080834_39cc_03710,curated_D_mid
feat_sae_20260828_080834_39cc_21713,reference
feat_sae_20260828_080834_39cc_26168,reference
feat_sae_20260828_080834_39cc_01978,curated_D_mid
feat_sae_20260828_080834_39cc_24095,curated_D_mid
feat_sae_20260828_080834_39cc_28909,curated_D_mid
feat_sae_20260828_080834_39cc_07688,census_A
feat_sae_20260828_080834_39cc_07510,census_C
feat_sae_20260828_080834_39cc_22882,curated_D_mid
feat_sae_20260828_080834_39cc_28791,census_C
feat_sae_20260828_080834_39cc_17395,census_C
feat_sae_20260828_080834_39cc_19376,reference
feat_sae_20260828_080834_39cc_24890,reference
feat_sae_20260828_080834_39cc_27170,curated_D_mid
feat_sae_20260828_080834_39cc_14884,curated_D_homog
feat_sae_20260828_080834_39cc_10681,reference
feat_sae_20260828_080834_39cc_29286,reference
feat_sae_20260828_080834_39cc_14921,reference
feat_sae_20260828_080834_39cc_04356,census_C
feat_sae_20260828_080834_39cc_19019,reference
feat_sae_20260828_080834_39cc_07120,curated_D_mid
feat_sae_20260828_080834_39cc_29529,reference
feat_sae_20260828_080834_39cc_16215,curated_D_mid
feat_sae_20260828_080834_39cc_05653,reference
feat_sae_20260828_080834_39cc_08998,reference
feat_sae_20260828_080834_39cc_06363,reference
feat_sae_20260828_080834_39cc_13038,curated_D_homog
feat_sae_20260828_080834_39cc_27357,curated_D_mid
feat_sae_20260828_080834_39cc_01409,curated_D_mid
feat_sae_20260828_080834_39cc_27393,curated_D_mid
feat_sae_20260828_080834_39cc_23397,reference
feat_sae_20260828_080834_39cc_18163,reference
feat_sae_20260828_080834_39cc_07066,reference
feat_sae_20260828_080834_39cc_16618,curated_D_mid
feat_sae_20260828_080834_39cc_23929,reference
feat_sae_20260828_080834_39cc_04319,census_C
feat_sae_20260828_080834_39cc_23808,census_C
feat_sae_20260828_080834_39cc_01708,reference
feat_sae_20260828_080834_39cc_13437,curated_D_homog
feat_sae_20260828_080834_39cc_03193,curated_D_homog
feat_sae_20260828_080834_39cc_27130,curated_D_mid
feat_sae_20260828_080834_39cc_02993,census_A
feat_sae_20260828_080834_39cc_19677,reference
feat_sae_20260828_080834_39cc_08674,reference
feat_sae_20260828_080834_39cc_13101,curated_D_mid
feat_sae_20260828_080834_39cc_24187,reference
feat_sae_20260828_080834_39cc_14081,reference
feat_sae_20260828_080834_39cc_17195,reference
feat_sae_20260828_080834_39cc_20300,reference
feat_sae_20260828_080834_39cc_09739,census_C
feat_sae_20260828_080834_39cc_14315,curated_D_mid
feat_sae_20260828_080834_39cc_30009,curated_D_homog
feat_sae_20260828_080834_39cc_20481,curated_D_homog
feat_sae_20260828_080834_39cc_00388,curated_D_homog
feat_sae_20260828_080834_39cc_29889,curated_D_mid
feat_sae_20260828_080834_39cc_24932,curated_D_homog
feat_sae_20260828_080834_39cc_26747,curated_D_mid
feat_sae_20260828_080834_39cc_05466,curated_D_mid
feat_sae_20260828_080834_39cc_16656,reference
feat_sae_20260828_080834_39cc_07146,curated_D_mid
feat_sae_20260828_080834_39cc_21770,reference
feat_sae_20260828_080834_39cc_05304,curated_D_mid
feat_sae_20260828_080834_39cc_18465,reference
feat_sae_20260828_080834_39cc_23103,curated_D_homog
feat_sae_20260828_080834_39cc_19188,reference
feat_sae_20260828_080834_39cc_30059,curated_D_mid
feat_sae_20260828_080834_39cc_03248,reference
feat_sae_20260828_080834_39cc_07400,reference
feat_sae_20260828_080834_39cc_10132,reference
feat_sae_20260828_080834_39cc_07197,reference
feat_sae_20260828_080834_39cc_10167,curated_D_mid
feat_sae_20260828_080834_39cc_12072,reference
feat_sae_20260828_080834_39cc_16303,reference
feat_sae_20260828_080834_39cc_20460,reference
feat_sae_20260828_080834_39cc_30167,reference
feat_sae_20260828_080834_39cc_30682,reference
feat_sae_20260828_080834_39cc_16143,curated_D_homog
feat_sae_20260828_080834_39cc_29088,reference
feat_sae_20260828_080834_39cc_03229,reference
feat_sae_20260828_080834_39cc_08087,reference
feat_sae_20260828_080834_39cc_24118,reference
feat_sae_20260828_080834_39cc_18519,reference
feat_sae_20260828_080834_39cc_25496,reference
feat_sae_20260828_080834_39cc_26625,reference
feat_sae_20260828_080834_39cc_08484,reference
feat_sae_20260828_080834_39cc_25962,reference
feat_sae_20260828_080834_39cc_22938,census_C
feat_sae_20260828_080834_39cc_06509,reference
feat_sae_20260828_080834_39cc_03889,curated_D_mid
feat_sae_20260828_080834_39cc_12581,reference
feat_sae_20260828_080834_39cc_27031,reference
feat_sae_20260828_080834_39cc_15271,reference
feat_sae_20260828_080834_39cc_28168,census_A
feat_sae_20260828_080834_39cc_30222,curated_D_mid
feat_sae_20260828_080834_39cc_08504,reference
feat_sae_20260828_080834_39cc_08323,curated_D_mid
feat_sae_20260828_080834_39cc_17001,curated_D_mid
feat_sae_20260828_080834_39cc_21411,reference
feat_sae_20260828_080834_39cc_01756,reference
feat_sae_20260828_080834_39cc_20858,reference
feat_sae_20260828_080834_39cc_24223,reference
feat_sae_20260828_080834_39cc_30301,census_C
feat_sae_20260828_080834_39cc_27808,curated_D_mid
feat_sae_20260828_080834_39cc_15701,curated_D_mid
feat_sae_20260828_080834_39cc_29073,reference
feat_sae_20260828_080834_39cc_18071,curated_D_homog
feat_sae_20260828_080834_39cc_23410,curated_D_mid
feat_sae_20260828_080834_39cc_30352,curated_D_homog
feat_sae_20260828_080834_39cc_26277,reference
feat_sae_20260828_080834_39cc_10867,curated_D_homog
feat_sae_20260828_080834_39cc_28459,reference
feat_sae_20260828_080834_39cc_26730,reference
feat_sae_20260828_080834_39cc_07609,curated_D_mid
feat_sae_20260828_080834_39cc_16194,census_C
feat_sae_20260828_080834_39cc_00993,reference
feat_sae_20260828_080834_39cc_18461,reference
feat_sae_20260828_080834_39cc_09405,reference
feat_sae_20260828_080834_39cc_00022,reference
feat_sae_20260828_080834_39cc_12507,curated_D_homog
feat_sae_20260828_080834_39cc_27714,curated_D_mid
feat_sae_20260828_080834_39cc_22378,reference
feat_sae_20260828_080834_39cc_27317,reference
feat_sae_20260828_080834_39cc_09541,curated_D_mid
feat_sae_20260828_080834_39cc_14354,reference
feat_sae_20260828_080834_39cc_08065,reference
feat_sae_20260828_080834_39cc_29428,curated_D_homog
feat_sae_20260828_080834_39cc_29736,census_C
feat_sae_20260828_080834_39cc_09804,reference
feat_sae_20260828_080834_39cc_15724,census_C
feat_sae_20260828_080834_39cc_14072,reference
feat_sae_20260828_080834_39cc_07985,reference
feat_sae_20260828_080834_39cc_14200,reference
feat_sae_20260828_080834_39cc_07613,reference
feat_sae_20260828_080834_39cc_27940,curated_D_mid
feat_sae_20260828_080834_39cc_10126,curated_D_homog
feat_sae_20260828_080834_39cc_19293,reference
feat_sae_20260828_080834_39cc_12726,curated_D_homog
feat_sae_20260828_080834_39cc_07680,reference
feat_sae_20260828_080834_39cc_24656,curated_D_homog
feat_sae_20260828_080834_39cc_29694,reference
feat_sae_20260828_080834_39cc_24471,curated_D_mid
feat_sae_20260828_080834_39cc_19697,reference
feat_sae_20260828_080834_39cc_18047,reference
feat_sae_20260828_080834_39cc_30383,curated_D_mid
feat_sae_20260828_080834_39cc_23475,reference
feat_sae_20260828_080834_39cc_00471,reference
feat_sae_20260828_080834_39cc_29084,reference
feat_sae_20260828_080834_39cc_22019,census_C
feat_sae_20260828_080834_39cc_28804,curated_D_mid
feat_sae_20260828_080834_39cc_01376,reference
feat_sae_20260828_080834_39cc_12798,curated_D_mid
feat_sae_20260828_080834_39cc_16424,reference
feat_sae_20260828_080834_39cc_30236,reference
feat_sae_20260828_080834_39cc_01209,reference
feat_sae_20260828_080834_39cc_00189,reference
feat_sae_20260828_080834_39cc_17981,reference
feat_sae_20260828_080834_39cc_25510,curated_D_mid
feat_sae_20260828_080834_39cc_07767,census_C
feat_sae_20260828_080834_39cc_13677,reference
feat_sae_20260828_080834_39cc_12620,census_A
feat_sae_20260828_080834_39cc_07517,curated_D_mid
feat_sae_20260828_080834_39cc_19769,reference
feat_sae_20260828_080834_39cc_15648,reference
feat_sae_20260828_080834_39cc_21976,curated_D_mid
feat_sae_20260828_080834_39cc_26214,reference
feat_sae_20260828_080834_39cc_13269,curated_D_mid
feat_sae_20260828_080834_39cc_08541,curated_D_mid
feat_sae_20260828_080834_39cc_10765,curated_D_mid
feat_sae_20260828_080834_39cc_26579,curated_D_mid
feat_sae_20260828_080834_39cc_13459,reference
feat_sae_20260828_080834_39cc_19325,reference
feat_sae_20260828_080834_39cc_24064,reference
feat_sae_20260828_080834_39cc_19027,reference
feat_sae_20260828_080834_39cc_28987,curated_D_mid
feat_sae_20260828_080834_39cc_14394,curated_D_homog
feat_sae_20260828_080834_39cc_01613,census_A
feat_sae_20260828_080834_39cc_22477,curated_D_mid
feat_sae_20260828_080834_39cc_29965,curated_D_mid
feat_sae_20260828_080834_39cc_24780,curated_D_mid
feat_sae_20260828_080834_39cc_06340,curated_D_homog
feat_sae_20260828_080834_39cc_07251,curated_D_homog
feat_sae_20260828_080834_39cc_19954,reference
feat_sae_20260828_080834_39cc_19931,curated_D_mid
feat_sae_20260828_080834_39cc_15712,curated_D_mid
feat_sae_20260828_080834_39cc_17337,curated_D_mid
feat_sae_20260828_080834_39cc_06461,census_C
feat_sae_20260828_080834_39cc_07138,curated_D_mid
feat_sae_20260828_080834_39cc_15006,census_A
feat_sae_20260828_080834_39cc_14528,reference
feat_sae_20260828_080834_39cc_30549,reference
feat_sae_20260828_080834_39cc_05360,reference
feat_sae_20260828_080834_39cc_10548,reference
feat_sae_20260828_080834_39cc_27921,curated_D_mid
feat_sae_20260828_080834_39cc_16635,reference
feat_sae_20260828_080834_39cc_20204,curated_D_mid
feat_sae_20260828_080834_39cc_02918,census_C
feat_sae_20260828_080834_39cc_05225,reference
feat_sae_20260828_080834_39cc_03661,reference
feat_sae_20260828_080834_39cc_12741,reference
feat_sae_20260828_080834_39cc_18983,reference
feat_sae_20260828_080834_39cc_04297,census_C
feat_sae_20260828_080834_39cc_24570,reference
feat_sae_20260828_080834_39cc_19351,curated_D_homog
feat_sae_20260828_080834_39cc_03002,reference
feat_sae_20260828_080834_39cc_13215,curated_D_mid
feat_sae_20260828_080834_39cc_01567,reference
feat_sae_20260828_080834_39cc_19231,reference
feat_sae_20260828_080834_39cc_20358,reference
feat_sae_20260828_080834_39cc_03435,curated_D_homog
feat_sae_20260828_080834_39cc_17999,reference
feat_sae_20260828_080834_39cc_26683,curated_D_mid
feat_sae_20260828_080834_39cc_03304,curated_D_mid
feat_sae_20260828_080834_39cc_23772,curated_D_homog
feat_sae_20260828_080834_39cc_00664,reference
feat_sae_20260828_080834_39cc_11033,reference
feat_sae_20260828_080834_39cc_05313,reference
feat_sae_20260828_080834_39cc_10291,curated_D_mid
feat_sae_20260828_080834_39cc_24023,reference
feat_sae_20260828_080834_39cc_28675,reference
feat_sae_20260828_080834_39cc_12009,reference
feat_sae_20260828_080834_39cc_25698,curated_D_mid
feat_sae_20260828_080834_39cc_04492,reference
feat_sae_20260828_080834_39cc_25911,curated_D_homog
feat_sae_20260828_080834_39cc_21014,curated_D_homog
feat_sae_20260828_080834_39cc_13102,curated_D_homog
feat_sae_20260828_080834_39cc_12296,census_C
feat_sae_20260828_080834_39cc_12215,curated_D_mid
feat_sae_20260828_080834_39cc_03206,curated_D_mid
feat_sae_20260828_080834_39cc_19167,curated_D_mid
feat_sae_20260828_080834_39cc_16207,curated_D_homog
feat_sae_20260828_080834_39cc_21530,curated_D_homog
feat_sae_20260828_080834_39cc_17255,reference
feat_sae_20260828_080834_39cc_25144,curated_D_mid
feat_sae_20260828_080834_39cc_20972,reference
feat_sae_20260828_080834_39cc_20154,census_C
feat_sae_20260828_080834_39cc_01046,reference
feat_sae_20260828_080834_39cc_00080,reference
feat_sae_20260828_080834_39cc_14784,curated_D_mid
feat_sae_20260828_080834_39cc_05647,curated_D_mid
feat_sae_20260828_080834_39cc_12545,curated_D_mid
feat_sae_20260828_080834_39cc_00379,reference
feat_sae_20260828_080834_39cc_26173,reference
feat_sae_20260828_080834_39cc_02617,curated_D_mid
feat_sae_20260828_080834_39cc_27615,curated_D_homog
feat_sae_20260828_080834_39cc_10847,reference
feat_sae_20260828_080834_39cc_04139,curated_D_mid
feat_sae_20260828_080834_39cc_16481,curated_D_homog
feat_sae_20260828_080834_39cc_16464,reference
feat_sae_20260828_080834_39cc_28500,reference
feat_sae_20260828_080834_39cc_10593,reference
feat_sae_20260828_080834_39cc_12022,census_C
feat_sae_20260828_080834_39cc_14975,reference
feat_sae_20260828_080834_39cc_27477,reference
feat_sae_20260828_080834_39cc_19683,census_C
feat_sae_20260828_080834_39cc_30122,reference
feat_sae_20260828_080834_39cc_01146,reference
feat_sae_20260828_080834_39cc_12561,reference
feat_sae_20260828_080834_39cc_05345,reference
feat_sae_20260828_080834_39cc_18374,reference
feat_sae_20260828_080834_39cc_10695,reference
feat_sae_20260828_080834_39cc_09069,reference
feat_sae_20260828_080834_39cc_13749,census_C
feat_sae_20260828_080834_39cc_29685,curated_D_homog
feat_sae_20260828_080834_39cc_05209,reference
feat_sae_20260828_080834_39cc_09227,curated_D_mid
feat_sae_20260828_080834_39cc_07734,reference
feat_sae_20260828_080834_39cc_26404,curated_D_homog
feat_sae_20260828_080834_39cc_23097,reference
feat_sae_20260828_080834_39cc_18957,curated_D_mid
feat_sae_20260828_080834_39cc_26528,curated_D_homog
feat_sae_20260828_080834_39cc_00535,reference
feat_sae_20260828_080834_39cc_13780,reference
feat_sae_20260828_080834_39cc_05290,curated_D_mid
feat_sae_20260828_080834_39cc_00538,curated_D_mid
feat_sae_20260828_080834_39cc_08675,reference
feat_sae_20260828_080834_39cc_10430,reference
feat_sae_20260828_080834_39cc_09735,curated_D_homog
feat_sae_20260828_080834_39cc_29751,curated_D_mid
feat_sae_20260828_080834_39cc_08871,curated_D_mid
feat_sae_20260828_080834_39cc_18698,curated_D_homog
feat_sae_20260828_080834_39cc_30351,reference
feat_sae_20260828_080834_39cc_07140,curated_D_mid
feat_sae_20260828_080834_39cc_12583,curated_D_mid
feat_sae_20260828_080834_39cc_30545,census_C
feat_sae_20260828_080834_39cc_05456,reference
feat_sae_20260828_080834_39cc_11812,curated_D_homog
feat_sae_20260828_080834_39cc_01924,curated_D_mid
feat_sae_20260828_080834_39cc_11395,reference
feat_sae_20260828_080834_39cc_09128,curated_D_homog
feat_sae_20260828_080834_39cc_00514,curated_D_mid
feat_sae_20260828_080834_39cc_15381,reference
feat_sae_20260828_080834_39cc_11180,curated_D_mid
feat_sae_20260828_080834_39cc_23051,reference
feat_sae_20260828_080834_39cc_22975,curated_D_mid
feat_sae_20260828_080834_39cc_21145,reference
feat_sae_20260828_080834_39cc_16442,reference
feat_sae_20260828_080834_39cc_09534,reference
feat_sae_20260828_080834_39cc_20390,curated_D_mid
feat_sae_20260828_080834_39cc_04100,reference
feat_sae_20260828_080834_39cc_11039,census_C
feat_sae_20260828_080834_39cc_15347,reference
feat_sae_20260828_080834_39cc_09260,reference
feat_sae_20260828_080834_39cc_22419,reference
feat_sae_20260828_080834_39cc_20618,reference
feat_sae_20260828_080834_39cc_21908,curated_D_homog
feat_sae_20260828_080834_39cc_21914,reference
feat_sae_20260828_080834_39cc_01727,reference
feat_sae_20260828_080834_39cc_23145,reference
feat_sae_20260828_080834_39cc_26034,reference
feat_sae_20260828_080834_39cc_11621,reference
feat_sae_20260828_080834_39cc_14539,curated_D_homog
feat_sae_20260828_080834_39cc_22229,reference
feat_sae_20260828_080834_39cc_15815,curated_D_homog
feat_sae_20260828_080834_39cc_08860,reference
feat_sae_20260828_080834_39cc_14004,curated_D_homog
feat_sae_20260828_080834_39cc_25423,curated_D_homog
feat_sae_20260828_080834_39cc_09627,reference
feat_sae_20260828_080834_39cc_15276,reference
feat_sae_20260828_080834_39cc_24810,reference
feat_sae_20260828_080834_39cc_09611,reference
feat_sae_20260828_080834_39cc_06963,reference
feat_sae_20260828_080834_39cc_28183,curated_D_homog
feat_sae_20260828_080834_39cc_12922,reference
feat_sae_20260828_080834_39cc_10231,census_C
feat_sae_20260828_080834_39cc_23576,reference
feat_sae_20260828_080834_39cc_25870,census_A
feat_sae_20260828_080834_39cc_07154,census_C
feat_sae_20260828_080834_39cc_01699,curated_D_homog
feat_sae_20260828_080834_39cc_13961,reference
feat_sae_20260828_080834_39cc_27392,curated_D_homog
feat_sae_20260828_080834_39cc_21354,census_C
feat_sae_20260828_080834_39cc_25231,census_C
feat_sae_20260828_080834_39cc_16399,curated_D_homog
feat_sae_20260828_080834_39cc_14972,curated_D_homog
